os,cpu,gpu,ram,kernel,driver,cpuscheduler
Omarchy,AMD Ryzen 9 5900X 12-Core Processor,NVIDIA GeForce RTX 3070,40963824,7.2.5-3-omarchy,,performance
fps,frametime,cpu_load,cpu_power,gpu_load,cpu_temp,gpu_temp,gpu_core_clock,gpu_mem_clock,gpu_vram_used,gpu_power,ram_used,swap_used,process_rss,cpu_mhz,elapsed
183.58,5.44723,11.6978,0,15,67,43,1770,6801,1.88818,57,8.43919,0,0,4674,100800784
184.504,5.41993,11.6978,0,15,67,43,1770,6801,1.88818,57,8.43919,0,0,4674,200968339
183.525,5.44885,11.6978,0,15,67,43,1770,6801,1.88818,57,8.43919,0,0,4674,301055153
185.087,5.40288,11.6978,0,15,67,43,1770,6801,1.88818,57,8.43919,0,0,4674,401141078
183.965,5.43581,11.6978,0,15,67,43,1770,6801,1.88818,57,8.43919,0,0,4674,501229912
182.971,5.46536,14.2741,0,15,67,43,1770,6801,1.88983,58,8.46139,0,0,4705,601311957
183.952,5.43619,14.2741,0,15,67,43,1770,6801,1.88983,58,8.46139,0,0,4705,701397411
184.97,5.40628,14.2741,0,15,67,43,1770,6801,1.88983,58,8.46139,0,0,4705,801484106
183.382,5.4531,14.2741,0,15,67,43,1770,6801,1.88983,58,8.46139,0,0,4705,901563760
183.594,5.44681,14.2741,0,15,67,43,1770,6801,1.88983,58,8.46139,0,0,4705,1001649805
182.342,5.48419,8.33333,0,15,67,43,1770,6801,1.88983,58,8.46464,0,0,4799,1101774219
184.484,5.42054,8.33333,0,15,67,43,1770,6801,1.88983,58,8.46464,0,0,4799,1201858204
185.026,5.40466,8.33333,0,15,67,43,1770,6801,1.88983,58,8.46464,0,0,4799,1301942208
178.877,5.59044,8.33333,0,15,67,43,1770,6801,1.88983,58,8.46464,0,0,4799,1402024333
182.096,5.4916,8.33333,0,15,67,43,1770,6801,1.88983,58,8.46464,0,0,4799,1502108207
185.079,5.4031,9.21697,0,15,66,43,1770,6801,1.88124,57,8.46211,0,0,4795,1602190772
183.514,5.44919,9.21697,0,15,66,43,1770,6801,1.88124,57,8.46211,0,0,4795,1702276226
183.37,5.45346,9.21697,0,15,66,43,1770,6801,1.88124,57,8.46211,0,0,4795,1802355671
185.056,5.40376,9.21697,0,15,66,43,1770,6801,1.88124,57,8.46211,0,0,4795,1902437035
184.243,5.42762,9.21697,0,15,66,43,1770,6801,1.88124,57,8.46211,0,0,4795,2002518270
184.228,5.42806,9.07604,0,15,66,43,1770,6801,1.88124,57,8.45898,0,0,4782,2102597444
179.758,5.56305,9.07604,0,15,66,43,1770,6801,1.88124,57,8.45898,0,0,4782,2202682649
183.772,5.44153,9.07604,0,15,66,43,1770,6801,1.88124,57,8.45898,0,0,4782,2302730933
183.059,5.46273,9.07604,0,15,66,43,1770,6801,1.88124,57,8.45898,0,0,4782,2402816828
183.21,5.45821,9.07604,0,15,66,43,1770,6801,1.88124,57,8.45898,0,0,4782,2502897702
184.203,5.4288,8.72757,0,17,66,43,1770,6801,1.89068,57,8.46085,0,0,4799,2602978837
184.886,5.40873,8.72757,0,17,66,43,1770,6801,1.89068,57,8.46085,0,0,4799,2703066611
183.895,5.43789,8.72757,0,17,66,43,1770,6801,1.89068,57,8.46085,0,0,4799,2803144675
183.318,5.455,8.72757,0,17,66,43,1770,6801,1.89068,57,8.46085,0,0,4799,2903221990
183.197,5.45862,8.72757,0,17,66,43,1770,6801,1.89068,57,8.46085,0,0,4799,3003300864
184.062,5.43294,7.68602,0,16,66,43,1770,6801,1.89178,58,8.46141,0,0,4785,3103382659
184.186,5.42929,7.68602,0,16,66,43,1770,6801,1.89178,58,8.46141,0,0,4785,3203464873
183.373,5.45336,7.68602,0,16,66,43,1770,6801,1.89178,58,8.46141,0,0,4785,3303549608
186.448,5.36343,7.68602,0,16,66,43,1770,6801,1.89178,58,8.46141,0,0,4785,3403630002
183.85,5.43922,7.68602,0,16,66,43,1770,6801,1.89178,58,8.46141,0,0,4785,3503710857
183.529,5.44872,9.23957,0,15,65,43,1770,6801,1.89628,58,8.45576,0,0,4756,3603758621
183.852,5.43916,9.23957,0,15,65,43,1770,6801,1.89628,58,8.45576,0,0,4756,3703835076
184.236,5.42781,9.23957,0,15,65,43,1770,6801,1.89628,58,8.45576,0,0,4756,3803914630
183.797,5.44078,9.23957,0,15,65,43,1770,6801,1.89628,58,8.45576,0,0,4756,3903993145
53.4087,18.7236,9.23957,0,15,65,43,1770,6801,1.89628,58,8.45576,0,0,4756,4004076379
13.3243,75.0508,10.3448,0,16,65,43,1770,6801,1.888,58,8.46354,0,0,4725,4104160414
13.3243,75.0508,10.3448,0,16,65,43,1770,6801,1.888,58,8.46354,0,0,4725,4204249018
13.3243,75.0508,10.3448,0,16,65,43,1770,6801,1.888,58,8.46354,0,0,4725,4304336913
294.829,3.3918,10.3448,0,16,65,43,1770,6801,1.888,58,8.46354,0,0,4725,4404421547
54.9095,18.2118,10.3448,0,16,65,43,1770,6801,1.888,58,8.46354,0,0,4725,4504498472
61.9853,16.1329,10.3448,0,16,65,43,1770,6801,1.888,58,8.46354,0,0,4725,4604578066
7.8803,126.899,12.8292,0,16,65,43,1770,6801,1.89508,58,8.63251,0,0,4644,4704675541
60.5978,16.5022,12.8292,0,16,65,43,1770,6801,1.89508,58,8.63251,0,0,4644,4804760055
60.1472,16.6259,12.8292,0,16,65,43,1770,6801,1.89508,58,8.63251,0,0,4644,4904842260
58.6866,17.0397,12.8292,0,16,65,43,1770,6801,1.89508,58,8.63251,0,0,4644,5004921944
908.414,1.10082,12.8292,0,16,65,43,1770,6801,1.89508,58,8.63251,0,0,4644,5105003589
61.3715,16.2942,12.8292,0,16,65,43,1770,6801,1.89508,58,8.63251,0,0,4644,5205086883
59.4991,16.807,13.1321,0,23,66,43,1770,6801,2.60428,58,8.74055,0,0,4725,5305165988
58.0992,17.2119,13.1321,0,23,66,43,1770,6801,2.60428,58,8.74055,0,0,4725,5405249092
61.1269,16.3594,13.1321,0,23,66,43,1770,6801,2.60428,58,8.74055,0,0,4725,5505329127
59.9259,16.6873,13.1321,0,23,66,43,1770,6801,2.60428,58,8.74055,0,0,4725,5605412561
61.1662,16.3489,11.6186,0,33,66,45,1770,6801,2.75421,66,8.74228,0,0,4733,5705495706
58.7469,17.0222,11.6186,0,33,66,45,1770,6801,2.75421,66,8.74228,0,0,4733,5805575020
59.5039,16.8056,11.6186,0,33,66,45,1770,6801,2.75421,66,8.74228,0,0,4733,5905656085
60.8082,16.4451,11.6186,0,33,66,45,1770,6801,2.75421,66,8.74228,0,0,4733,6005740019
57.6025,17.3603,11.6186,0,33,66,45,1770,6801,2.75421,66,8.74228,0,0,4733,6105804934
61.8846,16.1591,11.6186,0,33,66,45,1770,6801,2.75421,66,8.74228,0,0,4733,6205885808
57.7604,17.3129,9.75232,0,39,66,46,1780,6801,2.76827,85,8.74568,0,0,4725,6305966673
55.9659,17.868,9.75232,0,39,66,46,1780,6801,2.76827,85,8.74568,0,0,4725,6406043997
59.7381,16.7397,9.75232,0,39,66,46,1780,6801,2.76827,85,8.74568,0,0,4725,6506129882
60.4485,16.543,9.75232,0,39,66,46,1780,6801,2.76827,85,8.74568,0,0,4725,6606220776
60.4485,16.543,9.75232,0,39,66,46,1780,6801,2.76827,85,8.74568,0,0,4725,6706297171
60.4485,16.543,9.75232,0,39,66,46,1780,6801,2.76827,85,8.74568,0,0,4725,6806377955
60.4485,16.543,9.75232,0,39,66,46,1780,6801,2.76827,85,8.74568,0,0,4725,6906459830
60.4485,16.543,9.75232,0,39,66,46,1780,6801,2.76827,85,8.74568,0,0,4725,7006542194
148.835,6.71887,11.0255,0,37,67,46,1785,6801,2.75448,100,8.85229,0,0,4750,7106626839
17.6822,56.5542,11.0255,0,37,67,46,1785,6801,2.75448,100,8.85229,0,0,4750,7206713343
17.6822,56.5542,11.0255,0,37,67,46,1785,6801,2.75448,100,8.85229,0,0,4750,7306795278
17.6822,56.5542,11.0255,0,37,67,46,1785,6801,2.75448,100,8.85229,0,0,4750,7406834432
3.67097,272.408,11.0255,0,37,67,46,1785,6801,2.75448,100,8.85229,0,0,4750,7506918197
3.67097,272.408,11.0255,0,37,67,46,1785,6801,2.75448,100,8.85229,0,0,4750,7607412811
12.4132,80.5591,17.7928,0,13,67,44,1785,6801,2.76331,88,8.97003,0,0,4677,7707544585
15.2943,65.384,17.7928,0,13,67,44,1785,6801,2.76331,88,8.97003,0,0,4677,7807631720
15.2943,65.384,17.7928,0,13,67,44,1785,6801,2.76331,88,8.97003,0,0,4677,7907715674
15.2943,65.384,17.7928,0,13,67,44,1785,6801,2.76331,88,8.97003,0,0,4677,8007797759
15.2943,65.384,17.7928,0,13,67,44,1785,6801,2.76331,88,8.97003,0,0,4677,8107846053
15.2943,65.384,17.7928,0,13,67,44,1785,6801,2.76331,88,8.97003,0,0,4677,8207930728
15.2943,65.384,17.7928,0,13,67,44,1785,6801,2.76331,88,8.97003,0,0,4677,8308011852
15.2943,65.384,17.7928,0,13,67,44,1785,6801,2.76331,88,8.97003,0,0,4677,8408098397
15.2943,65.384,17.7928,0,13,67,44,1785,6801,2.76331,88,8.97003,0,0,4677,8508181201
15.2943,65.384,17.7928,0,13,67,44,1785,6801,2.76331,88,8.97003,0,0,4677,8608481986
15.2943,65.384,17.7928,0,13,67,44,1785,6801,2.76331,88,8.97003,0,0,4677,8708599650
1.00838,991.687,17.7928,0,13,67,44,1785,6801,2.76331,88,8.97003,0,0,4677,8808684625
1.00838,991.687,19.5515,0,13,66,43,1770,6801,2.75305,61,9.09456,0,0,4711,8908767329
11.0389,90.5889,19.5515,0,13,66,43,1770,6801,2.75305,61,9.09456,0,0,4711,9008853114
11.6149,86.0966,19.5515,0,13,66,43,1770,6801,2.75305,61,9.09456,0,0,4711,9108945928
10.6887,93.5566,19.5515,0,13,66,43,1770,6801,2.75305,61,9.09456,0,0,4711,9209032883
21.1897,47.1928,19.5515,0,13,66,43,1770,6801,2.75305,61,9.09456,0,0,4711,9309126937
16.6873,59.9257,20.9145,0,11,66,43,1770,6801,2.75269,58,9.15933,0,0,4687,9409214632
16.6873,59.9257,20.9145,0,11,66,43,1770,6801,2.75269,58,9.15933,0,0,4687,9509307586
17.4203,57.4043,20.9145,0,11,66,43,1770,6801,2.75269,58,9.15933,0,0,4687,9609404321
16.9012,59.1675,20.9145,0,11,66,43,1770,6801,2.75269,58,9.15933,0,0,4687,9709494485
16.9012,59.1675,20.9145,0,11,66,43,1770,6801,2.75269,58,9.15933,0,0,4687,9809578920
21.2359,47.0902,18.997,0,12,66,43,1770,6801,2.74817,58,9.24006,0,0,4713,9909661364
21.2359,47.0902,18.997,0,12,66,43,1770,6801,2.74817,58,9.24006,0,0,4713,10009744159
19.4526,51.4071,18.997,0,12,66,43,1770,6801,2.74817,58,9.24006,0,0,4713,10109825853
23.2355,43.0375,18.997,0,12,66,43,1770,6801,2.74817,58,9.24006,0,0,4713,10209887288
27.9446,35.7852,18.997,0,12,66,43,1770,6801,2.74817,58,9.24006,0,0,4713,10309973612
22.8467,43.7701,18.997,0,12,66,43,1770,6801,2.74817,58,9.24006,0,0,4713,10410059917
29.2244,34.218,18.3022,0,16,68,44,1770,6801,2.76351,62,9.27615,0,0,4738,10510143541
28.553,35.0226,18.3022,0,16,68,44,1770,6801,2.76351,62,9.27615,0,0,4738,10610224826
28.553,35.0226,18.3022,0,16,68,44,1770,6801,2.76351,62,9.27615,0,0,4738,10710308090
20.6805,48.3548,18.3022,0,16,68,44,1770,6801,2.76351,62,9.27615,0,0,4738,10810391515
28.7765,34.7506,18.3022,0,16,68,44,1770,6801,2.76351,62,9.27615,0,0,4738,10910476879
28.2966,35.34,15.5051,0,21,68,44,1770,6801,2.75464,65,9.34974,0,0,4750,11010564904
28.5655,35.0072,15.5051,0,21,68,44,1770,6801,2.75464,65,9.34974,0,0,4750,11110647008
179.98,5.55617,15.5051,0,21,68,44,1770,6801,2.75464,65,9.34974,0,0,4750,11210728893
170.952,5.84958,15.5051,0,21,68,44,1770,6801,2.75464,65,9.34974,0,0,4750,11310826157
168.723,5.92688,15.5051,0,21,68,44,1770,6801,2.75464,65,9.34974,0,0,4750,11410910752
163.96,6.09905,14.4928,0,22,68,44,1770,6801,2.75252,68,9.38297,0,0,4700,11510994076
164.473,6.08001,14.4928,0,22,68,44,1770,6801,2.75252,68,9.38297,0,0,4700,11611081190
164.217,6.08949,14.4928,0,22,68,44,1770,6801,2.75252,68,9.38297,0,0,4700,11711167285
165.278,6.05041,14.4928,0,22,68,44,1770,6801,2.75252,68,9.38297,0,0,4700,11811250999
187.415,5.33575,14.4928,0,22,68,44,1770,6801,2.75252,68,9.38297,0,0,4700,11911330584
164.748,6.06987,16.5595,0,55,68,48,1827,6801,2.7933,87,9.39946,0,0,4740,12011408938
164.822,6.06715,16.5595,0,55,68,48,1827,6801,2.7933,87,9.39946,0,0,4740,12111489973
161.902,6.17656,16.5595,0,55,68,48,1827,6801,2.7933,87,9.39946,0,0,4740,12211572877
181.914,5.4971,16.5595,0,55,68,48,1827,6801,2.7933,87,9.39946,0,0,4740,12311652842
164.54,6.07755,16.5595,0,55,68,48,1827,6801,2.7933,87,9.39946,0,0,4740,12411733646
164.082,6.09452,16.5595,0,55,68,48,1827,6801,2.7933,87,9.39946,0,0,4740,12511812811
165.157,6.05486,9.61539,0,81,67,53,1875,6801,2.8022,139,9.40039,0,0,4794,12611896825
164.302,6.08635,9.61539,0,81,67,53,1875,6801,2.8022,139,9.40039,0,0,4794,12711935320
163.178,6.12826,9.61539,0,81,67,53,1875,6801,2.8022,139,9.40039,0,0,4794,12812024484
163.946,6.09958,9.61539,0,81,67,53,1875,6801,2.8022,139,9.40039,0,0,4794,12912119609
166.433,6.00841,17.86,0,81,67,54,1875,6801,2.79754,195,9.59001,0,0,4605,13012203253
167.692,5.9633,17.86,0,81,67,54,1875,6801,2.79754,195,9.59001,0,0,4605,13112293968
166.844,5.99364,17.86,0,81,67,54,1875,6801,2.79754,195,9.59001,0,0,4605,13212389882
166.686,5.99931,17.86,0,81,67,54,1875,6801,2.79754,195,9.59001,0,0,4605,13312479017
161.032,6.20994,17.86,0,81,67,54,1875,6801,2.79754,195,9.59001,0,0,4605,13412578741
160.774,6.21991,17.6659,0,81,67,55,1886,6801,2.80109,208,10.1867,0,0,4725,13512685276
169.345,5.90512,17.6659,0,81,67,55,1886,6801,2.80109,208,10.1867,0,0,4725,13612822600
140.714,7.10664,17.6659,0,81,67,55,1886,6801,2.80109,208,10.1867,0,0,4725,13712942825
146.951,6.80498,17.6659,0,81,67,55,1886,6801,2.80109,208,10.1867,0,0,4725,13813058859
169.604,5.89608,17.6659,0,81,67,55,1886,6801,2.80109,208,10.1867,0,0,4725,13913147764
163.188,6.1279,16.0128,0,81,67,55,1890,6801,2.79901,207,10.161,0,0,4786,14013236588
159.37,6.27471,16.0128,0,81,67,55,1890,6801,2.79901,207,10.161,0,0,4786,14113334823
163.575,6.11341,16.0128,0,81,67,55,1890,6801,2.79901,207,10.161,0,0,4786,14213401077
167.105,5.98426,16.0128,0,81,67,55,1890,6801,2.79901,207,10.161,0,0,4786,14313484842
164.835,6.06667,16.0128,0,81,67,55,1890,6801,2.79901,207,10.161,0,0,4786,14413580006
165.538,6.04091,16.0128,0,81,67,55,1890,6801,2.79901,207,10.161,0,0,4786,14513694031
160.237,6.24074,14.3086,0,82,66,55,1890,6801,2.79814,209,10.5808,0,0,4825,14613759955
173.222,5.77295,14.3086,0,82,66,55,1890,6801,2.79814,209,10.5808,0,0,4825,14713860220
159.361,6.27505,14.3086,0,82,66,55,1890,6801,2.79814,209,10.5808,0,0,4825,14813970974
154.782,6.4607,14.3086,0,82,66,55,1890,6801,2.79814,209,10.5808,0,0,4825,14914102389
162.632,6.14885,16.5335,0,82,66,55,1890,6801,2.79814,209,10.0034,0,0,4727,15014214853
167.404,5.97356,16.5335,0,82,66,55,1890,6801,2.79814,209,10.0034,0,0,4727,15114313798
157.94,6.33151,16.5335,0,82,66,55,1890,6801,2.79814,209,10.0034,0,0,4727,15214480212
165.496,6.04244,16.5335,0,82,66,55,1890,6801,2.79814,209,10.0034,0,0,4727,15314606547
166.561,6.00379,16.5335,0,82,66,55,1890,6801,2.79814,209,10.0034,0,0,4727,15414710811
164.374,6.08369,21.2,0,82,66,56,1890,6801,2.7947,210,9.91748,0,0,4765,15514802126
163.975,6.09849,21.2,0,82,66,56,1890,6801,2.7947,210,9.91748,0,0,4765,15614923950
169.78,5.88998,21.2,0,82,66,56,1890,6801,2.7947,210,9.91748,0,0,4765,15715001725
154.421,6.47582,21.2,0,82,66,56,1890,6801,2.7947,210,9.91748,0,0,4765,15815120859
170.99,5.84831,21.2,0,82,66,56,1890,6801,2.7947,210,9.91748,0,0,4765,15915207723
179.591,5.56822,16.9194,0,82,66,56,1890,6801,2.79559,210,10.4002,0,0,4744,16015325318
170.461,5.86646,16.9194,0,82,66,56,1890,6801,2.79559,210,10.4002,0,0,4744,16115432092
167.431,5.97261,16.9194,0,82,66,56,1890,6801,2.79559,210,10.4002,0,0,4744,16215517857
166.465,6.00726,16.9194,0,82,66,56,1890,6801,2.79559,210,10.4002,0,0,4744,16315632221
163.661,6.11021,16.9194,0,82,66,56,1890,6801,2.79559,210,10.4002,0,0,4744,16415760396
160.932,6.2138,16.9194,0,82,66,56,1890,6801,2.79559,210,10.4002,0,0,4744,16515914630
175.653,5.69303,16.7464,0,83,65,56,1890,6801,2.79565,211,10.0898,0,0,4708,16616012295
180.012,5.55519,16.7464,0,83,65,56,1890,6801,2.79565,211,10.0898,0,0,4708,16716125449
161.527,6.19091,16.7464,0,83,65,56,1890,6801,2.79565,211,10.0898,0,0,4708,16816235264
165.756,6.03297,16.7464,0,83,65,56,1890,6801,2.79565,211,10.0898,0,0,4708,16916341258
163.016,6.13437,15.8909,0,83,65,56,1890,6801,2.77904,213,10.6666,0,0,4795,17016430993
166.885,5.99214,15.8909,0,83,65,56,1890,6801,2.77904,213,10.6666,0,0,4795,17116530157
163.553,6.11422,15.8909,0,83,65,56,1890,6801,2.77904,213,10.6666,0,0,4795,17216655072
165.531,6.04118,15.8909,0,83,65,56,1890,6801,2.77904,213,10.6666,0,0,4795,17316770066
169.372,5.90415,15.8909,0,83,65,56,1890,6801,2.77904,213,10.6666,0,0,4795,17416909801
166.389,6.01003,18.2616,0,83,65,56,1890,6801,2.77332,212,10.4312,0,0,4802,17517059875
156.894,6.37375,18.2616,0,83,65,56,1890,6801,2.77332,212,10.4312,0,0,4802,17617166520
167.335,5.97602,18.2616,0,83,65,56,1890,6801,2.77332,212,10.4312,0,0,4802,17717294414
168.123,5.94803,18.2616,0,83,65,56,1890,6801,2.77332,212,10.4312,0,0,4802,17817377149
154.48,6.47333,18.2616,0,83,65,56,1890,6801,2.77332,212,10.4312,0,0,4802,17917462163
164.141,6.09232,17.3216,0,85,65,56,1890,6801,2.77214,212,10.0805,0,0,4800,18017552498
161.78,6.18124,17.3216,0,85,65,56,1890,6801,2.77214,212,10.0805,0,0,4800,18117668382
164.98,6.06134,17.3216,0,85,65,56,1890,6801,2.77214,212,10.0805,0,0,4800,18217781057
166.953,5.9897,17.3216,0,85,65,56,1890,6801,2.77214,212,10.0805,0,0,4800,18317878501
164.614,6.07482,17.3216,0,85,65,56,1890,6801,2.77214,212,10.0805,0,0,4800,18417992996
164.614,6.07482,17.3216,0,85,65,56,1890,6801,2.77214,212,10.0805,0,0,4800,18518105270
164.614,6.07482,17.3216,0,85,65,56,1890,6801,2.77214,212,10.0805,0,0,4800,18618216925
164.614,6.07482,17.3216,0,85,65,56,1890,6801,2.77214,212,10.0805,0,0,4800,18718312289
164.614,6.07482,17.3216,0,85,65,56,1890,6801,2.77214,212,10.0805,0,0,4800,18818448594
164.614,6.07482,17.3216,0,85,65,56,1890,6801,2.77214,212,10.0805,0,0,4800,18918571948
164.614,6.07482,17.3216,0,85,65,56,1890,6801,2.77214,212,10.0805,0,0,4800,19018676803
164.614,6.07482,17.3216,0,85,65,56,1890,6801,2.77214,212,10.0805,0,0,4800,19118770337
164.614,6.07482,17.3216,0,85,65,56,1890,6801,2.77214,212,10.0805,0,0,4800,19218903001
142.978,6.9941,13.9447,0,41,64,52,1890,6801,2.77155,214,10.9089,0,0,4724,19319021496
174.186,5.74099,13.9447,0,41,64,52,1890,6801,2.77155,214,10.9089,0,0,4724,19419149230
125.514,7.96727,13.9447,0,41,64,52,1890,6801,2.77155,214,10.9089,0,0,4724,19520071615
125.514,7.96727,13.9447,0,41,64,52,1890,6801,2.77155,214,10.9089,0,0,4724,19620218469
125.514,7.96727,13.9447,0,41,64,52,1890,6801,2.77155,214,10.9089,0,0,4724,19720325774
125.514,7.96727,13.9447,0,41,64,52,1890,6801,2.77155,214,10.9089,0,0,4724,19820510338
125.514,7.96727,13.9447,0,41,64,52,1890,6801,2.77155,214,10.9089,0,0,4724,19920910823
125.514,7.96727,13.9447,0,41,64,52,1890,6801,2.77155,214,10.9089,0,0,4724,20021070057
125.514,7.96727,13.9447,0,41,64,52,1890,6801,2.77155,214,10.9089,0,0,4724,20121167392
125.514,7.96727,13.9447,0,41,64,52,1890,6801,2.77155,214,10.9089,0,0,4724,20221275876
125.514,7.96727,13.9447,0,41,64,52,1890,6801,2.77155,214,10.9089,0,0,4724,20321417691
125.514,7.96727,13.9447,0,41,64,52,1890,6801,2.77155,214,10.9089,0,0,4724,20421510185
0.990269,1009.83,13.9447,0,41,64,52,1890,6801,2.77155,214,10.9089,0,0,4724,20521611790
0.990269,1009.83,22.8928,0,79,65,52,1875,6801,2.77203,87,10.819,0,0,4739,20621747704
0.990269,1009.83,22.8928,0,79,65,52,1875,6801,2.77203,87,10.819,0,0,4739,20721868889
0.990269,1009.83,22.8928,0,79,65,52,1875,6801,2.77203,87,10.819,0,0,4739,20821997013
0.990269,1009.83,22.8928,0,79,65,52,1875,6801,2.77203,87,10.819,0,0,4739,20922095628
0.990269,1009.83,22.8928,0,79,65,52,1875,6801,2.77203,87,10.819,0,0,4739,21022191442
0.990269,1009.83,22.8928,0,79,65,52,1875,6801,2.77203,87,10.819,0,0,4739,21122315807
0.990269,1009.83,22.8928,0,79,65,52,1875,6801,2.77203,87,10.819,0,0,4739,21222445031
0.990269,1009.83,22.8928,0,79,65,52,1875,6801,2.77203,87,10.819,0,0,4739,21322562605
0.990269,1009.83,22.8928,0,79,65,52,1875,6801,2.77203,87,10.819,0,0,4739,21422675950
0.990269,1009.83,22.8928,0,79,65,52,1875,6801,2.77203,87,10.819,0,0,4739,21522767434
228.37,4.37886,19.5312,0,11,65,46,1875,6801,2.89752,78,11.4022,0,0,4698,21622912039
172.683,5.79097,19.5312,0,11,65,46,1875,6801,2.89752,78,11.4022,0,0,4698,21723033703
192.034,5.20741,19.5312,0,11,65,46,1875,6801,2.89752,78,11.4022,0,0,4698,21823210088
164.963,6.06196,19.5312,0,11,65,46,1875,6801,2.89752,78,11.4022,0,0,4698,21923327292
164.963,6.06196,19.5312,0,11,65,46,1875,6801,2.89752,78,11.4022,0,0,4698,22023477377
6.80595,146.93,19.5312,0,11,65,46,1875,6801,2.89752,78,11.4022,0,0,4698,22123588071
6.80595,146.93,19.5312,0,11,65,46,1875,6801,2.89752,78,11.4022,0,0,4698,22223711676
6.80595,146.93,19.5312,0,11,65,46,1875,6801,2.89752,78,11.4022,0,0,4698,22323844480
6.80595,146.93,19.5312,0,11,65,46,1875,6801,2.89752,78,11.4022,0,0,4698,22423963885
6.80595,146.93,19.5312,0,11,65,46,1875,6801,2.89752,78,11.4022,0,0,4698,22524091809
6.80595,146.93,19.5312,0,11,65,46,1875,6801,2.89752,78,11.4022,0,0,4698,22624183814
6.80595,146.93,19.5312,0,11,65,46,1875,6801,2.89752,78,11.4022,0,0,4698,22724263688
6.80595,146.93,19.5312,0,11,65,46,1875,6801,2.89752,78,11.4022,0,0,4698,22824354073
1769.63,0.56509,26.136,0,72,65,52,1854,6801,2.87033,94,12.6709,0,0,4775,22924432857
12.4503,80.3195,26.136,0,72,65,52,1854,6801,2.87033,94,12.6709,0,0,4775,23024518502
10.523,95.0303,26.136,0,72,65,52,1854,6801,2.87033,94,12.6709,0,0,4775,23124611456
10.523,95.0303,26.136,0,72,65,52,1854,6801,2.87033,94,12.6709,0,0,4775,23224707921
10.523,95.0303,26.136,0,72,65,52,1854,6801,2.87033,94,12.6709,0,0,4775,23324843425
10.523,95.0303,26.136,0,72,65,52,1854,6801,2.87033,94,12.6709,0,0,4775,23424959750
10.523,95.0303,26.136,0,72,65,52,1854,6801,2.87033,94,12.6709,0,0,4775,23525049264
10.523,95.0303,26.136,0,72,65,52,1854,6801,2.87033,94,12.6709,0,0,4775,23625142729
10.523,95.0303,26.136,0,72,65,52,1854,6801,2.87033,94,12.6709,0,0,4775,23725227573
1.56598,638.578,23.0306,0,11,65,46,1875,6801,2.90581,85,13.3602,0,0,4716,23825316308
1.56598,638.578,23.0306,0,11,65,46,1875,6801,2.90581,85,13.3602,0,0,4716,23925399612
1.56598,638.578,23.0306,0,11,65,46,1875,6801,2.90581,85,13.3602,0,0,4716,24025494597
1.56598,638.578,23.0306,0,11,65,46,1875,6801,2.90581,85,13.3602,0,0,4716,24125598151
1.56598,638.578,23.0306,0,11,65,46,1875,6801,2.90581,85,13.3602,0,0,4716,24225693796
1.56598,638.578,23.0306,0,11,65,46,1875,6801,2.90581,85,13.3602,0,0,4716,24325779620
1.56598,638.578,23.0306,0,11,65,46,1875,6801,2.90581,85,13.3602,0,0,4716,24425868635
1.56598,638.578,23.0306,0,11,65,46,1875,6801,2.90581,85,13.3602,0,0,4716,24525954849
1.56598,638.578,23.0306,0,11,65,46,1875,6801,2.90581,85,13.3602,0,0,4716,24626044314
1.56598,638.578,23.0306,0,11,65,46,1875,6801,2.90581,85,13.3602,0,0,4716,24726131228
1.56598,638.578,23.0306,0,11,65,46,1875,6801,2.90581,85,13.3602,0,0,4716,24826219153
1.56598,638.578,23.0306,0,11,65,46,1875,6801,2.90581,85,13.3602,0,0,4716,24926302727
1.56598,638.578,23.0306,0,11,65,46,1875,6801,2.90581,85,13.3602,0,0,4716,25026379931
1.56598,638.578,23.0306,0,11,65,46,1875,6801,2.90581,85,13.3602,0,0,4716,25126463996
1.56598,638.578,23.0306,0,11,65,46,1875,6801,2.90581,85,13.3602,0,0,4716,25226553770
1.56598,638.578,23.0306,0,11,65,46,1875,6801,2.90581,85,13.3602,0,0,4716,25326637935
1.56598,638.578,23.0306,0,11,65,46,1875,6801,2.90581,85,13.3602,0,0,4716,25426722039
1.56598,638.578,23.0306,0,11,65,46,1875,6801,2.90581,85,13.3602,0,0,4716,25526806974
1.56598,638.578,23.0306,0,11,65,46,1875,6801,2.90581,85,13.3602,0,0,4716,25626889998
1.56598,638.578,23.0306,0,11,65,46,1875,6801,2.90581,85,13.3602,0,0,4716,25726979243
1.56598,638.578,23.0306,0,11,65,46,1875,6801,2.90581,85,13.3602,0,0,4716,25827070477
1.56598,638.578,23.0306,0,11,65,46,1875,6801,2.90581,85,13.3602,0,0,4716,25927155552
1.56598,638.578,23.0306,0,11,65,46,1875,6801,2.90581,85,13.3602,0,0,4716,26027253106
1.56598,638.578,23.0306,0,11,65,46,1875,6801,2.90581,85,13.3602,0,0,4716,26127336141
1.56598,638.578,23.0306,0,11,65,46,1875,6801,2.90581,85,13.3602,0,0,4716,26227418295
1.56598,638.578,23.0306,0,11,65,46,1875,6801,2.90581,85,13.3602,0,0,4716,26327505490
1.56598,638.578,23.0306,0,11,65,46,1875,6801,2.90581,85,13.3602,0,0,4716,26427590844
1.56598,638.578,23.0306,0,11,65,46,1875,6801,2.90581,85,13.3602,0,0,4716,26527672749
1.56598,638.578,23.0306,0,11,65,46,1875,6801,2.90581,85,13.3602,0,0,4716,26627752173
1.56598,638.578,23.0306,0,11,65,46,1875,6801,2.90581,85,13.3602,0,0,4716,26727837408
1.56598,638.578,23.0306,0,11,65,46,1875,6801,2.90581,85,13.3602,0,0,4716,26827921742
1.56598,638.578,23.0306,0,11,65,46,1875,6801,2.90581,85,13.3602,0,0,4716,26928004537
1.56598,638.578,23.0306,0,11,65,46,1875,6801,2.90581,85,13.3602,0,0,4716,27028085471
1.56598,638.578,23.0306,0,11,65,46,1875,6801,2.90581,85,13.3602,0,0,4716,27128167726
1.56598,638.578,23.0306,0,11,65,46,1875,6801,2.90581,85,13.3602,0,0,4716,27228212270
1.56598,638.578,23.0306,0,11,65,46,1875,6801,2.90581,85,13.3602,0,0,4716,27328296865
1.56598,638.578,23.0306,0,11,65,46,1875,6801,2.90581,85,13.3602,0,0,4716,27428380519
1.56598,638.578,23.0306,0,11,65,46,1875,6801,2.90581,85,13.3602,0,0,4716,27528466264
1.56598,638.578,23.0306,0,11,65,46,1875,6801,2.90581,85,13.3602,0,0,4716,27628552668
1.56598,638.578,23.0306,0,11,65,46,1875,6801,2.90581,85,13.3602,0,0,4716,27728637673
1.56598,638.578,23.0306,0,11,65,46,1875,6801,2.90581,85,13.3602,0,0,4716,27828723067
1.56598,638.578,23.0306,0,11,65,46,1875,6801,2.90581,85,13.3602,0,0,4716,27928876232
1.56598,638.578,23.0306,0,11,65,46,1875,6801,2.90581,85,13.3602,0,0,4716,28028952316
0.233075,4290.47,13.8663,0,10,68,44,1770,6801,2.95233,57,13.5824,0,0,4750,28129030371
0.233075,4290.47,13.8663,0,10,68,44,1770,6801,2.95233,57,13.5824,0,0,4750,28229116835
0.233075,4290.47,13.8663,0,10,68,44,1770,6801,2.95233,57,13.5824,0,0,4750,28329213360
2.64808,377.631,13.8663,0,10,68,44,1770,6801,2.95233,57,13.5824,0,0,4750,28429442714
23.8052,42.0077,13.8663,0,10,68,44,1770,6801,2.95233,57,13.5824,0,0,4750,28529526299
12.8268,77.9618,13.8663,0,10,68,44,1770,6801,2.95233,57,13.5824,0,0,4750,28629612653
7.95862,125.65,16.4996,0,10,68,44,1770,6801,2.95123,57,13.6871,0,0,4747,28729748198
7.95862,125.65,16.4996,0,10,68,44,1770,6801,2.95123,57,13.6871,0,0,4747,28829926932
7.95862,125.65,16.4996,0,10,68,44,1770,6801,2.95123,57,13.6871,0,0,4747,28930016397
7.95862,125.65,16.4996,0,10,68,44,1770,6801,2.95123,57,13.6871,0,0,4747,29030109081
7.95862,125.65,16.4996,0,10,68,44,1770,6801,2.95123,57,13.6871,0,0,4747,29130194976
7.95862,125.65,16.4996,0,10,68,44,1770,6801,2.95123,57,13.6871,0,0,4747,29230258470
1.74075,574.464,21.7723,0,10,68,44,1770,6801,3.0512,57,13.8762,0,0,4676,29330367415
1.74075,574.464,21.7723,0,10,68,44,1770,6801,3.0512,57,13.8762,0,0,4676,29430458639
1.74075,574.464,21.7723,0,10,68,44,1770,6801,3.0512,57,13.8762,0,0,4676,29530580723
1.74075,574.464,21.7723,0,10,68,44,1770,6801,3.0512,57,13.8762,0,0,4676,29630676118
2.39175,418.104,21.7723,0,10,68,44,1770,6801,3.0512,57,13.8762,0,0,4676,29730761782
7.7533,128.977,19.97,0,10,68,44,1770,6801,3.19043,57,13.9773,0,0,4768,29830844237
7.7533,128.977,19.97,0,10,68,44,1770,6801,3.19043,57,13.9773,0,0,4768,29930931981
6.43047,155.51,19.97,0,10,68,44,1770,6801,3.19043,57,13.9773,0,0,4768,30031019586
6.43047,155.51,19.97,0,10,68,44,1770,6801,3.19043,57,13.9773,0,0,4768,30131104070
6.43047,155.51,19.97,0,10,68,44,1770,6801,3.19043,57,13.9773,0,0,4768,30231185525
92.1275,10.8545,19.97,0,10,68,44,1770,6801,3.19043,57,13.9773,0,0,4768,30332080759
11.9369,83.7742,19.97,0,10,68,44,1770,6801,3.19043,57,13.9773,0,0,4768,30432248934
6.27237,159.429,24.4944,0,10,68,44,1770,6801,2.99961,57,14.3054,0,0,4675,30532341138
13.2764,75.3216,24.4944,0,10,68,44,1770,6801,2.99961,57,14.3054,0,0,4675,30632424533
225.264,4.43924,24.4944,0,10,68,44,1770,6801,2.99961,57,14.3054,0,0,4675,30732504837
95.9799,10.4188,24.4944,0,10,68,44,1770,6801,2.99961,57,14.3054,0,0,4675,30832591292
95.9799,10.4188,24.4944,0,10,68,44,1770,6801,2.99961,57,14.3054,0,0,4675,30932673316
95.9799,10.4188,24.4944,0,10,68,44,1770,6801,2.99961,57,14.3054,0,0,4675,31032759451
2.94487,339.574,19.5568,0,11,68,43,1770,6801,2.97676,57,14.5051,0,0,4573,31132853615
8.9587,111.623,19.5568,0,11,68,43,1770,6801,2.97676,57,14.5051,0,0,4573,31232942340
134.261,7.44816,19.5568,0,11,68,43,1770,6801,2.97676,57,14.5051,0,0,4573,31333044594
65.7842,15.2012,19.5568,0,11,68,43,1770,6801,2.97676,57,14.5051,0,0,4573,31433140919
59.145,16.9076,19.5568,0,11,68,43,1770,6801,2.97676,57,14.5051,0,0,4573,31533196183
51.867,19.2801,25.4457,0,22,68,44,1770,6801,3.66753,59,14.6382,0,0,4749,31633277518
70.7773,14.1288,25.4457,0,22,68,44,1770,6801,3.66753,59,14.6382,0,0,4749,31733364082
58.5997,17.0649,25.4457,0,22,68,44,1770,6801,3.66753,59,14.6382,0,0,4749,31833475287
60.1789,16.6171,25.4457,0,22,68,44,1770,6801,3.66753,59,14.6382,0,0,4749,31933562711
61.8944,16.1566,25.4457,0,22,68,44,1770,6801,3.66753,59,14.6382,0,0,4749,32033652246
60.6467,16.4889,25.4457,0,22,68,44,1770,6801,3.66753,59,14.6382,0,0,4749,32133746940
65.3217,15.3088,18.7797,0,65,68,48,1801,6801,3.96626,77,14.485,0,0,4700,32233887935
60.3192,16.5785,18.7797,0,65,68,48,1801,6801,3.96626,77,14.485,0,0,4700,32333976959
66.7347,14.9847,18.7797,0,65,68,48,1801,6801,3.96626,77,14.485,0,0,4700,32434069924
60.7527,16.4602,18.7797,0,65,68,48,1801,6801,3.96626,77,14.485,0,0,4700,32534179708
61.3522,16.2993,18.7797,0,65,68,48,1801,6801,3.96626,77,14.485,0,0,4700,32634267732
61.6915,16.2097,17.9365,0,65,68,48,1801,6801,3.96626,77,14.4847,0,0,4744,32734312407
66.2003,15.1057,17.9365,0,65,68,48,1801,6801,3.96626,77,14.4847,0,0,4744,32834392601
56.8816,17.5804,17.9365,0,65,68,48,1801,6801,3.96626,77,14.4847,0,0,4744,32934476826
56.942,17.5617,17.9365,0,65,68,48,1801,6801,3.96626,77,14.4847,0,0,4744,33034558400
56.1226,17.8181,17.9365,0,65,68,48,1801,6801,3.96626,77,14.4847,0,0,4744,33134642075
56.664,17.6479,13.8013,0,55,68,49,1875,6801,3.97437,114,14.4896,0,0,4675,33234726129
131.877,7.58281,13.8013,0,55,68,49,1875,6801,3.97437,114,14.4896,0,0,4675,33334821164
125.067,7.99572,13.8013,0,55,68,49,1875,6801,3.97437,114,14.4896,0,0,4675,33434919298
118.457,8.44187,13.8013,0,55,68,49,1875,6801,3.97437,114,14.4896,0,0,4675,33535019293
118.106,8.467,13.8013,0,55,68,49,1875,6801,3.97437,114,14.4896,0,0,4675,33635127077
118.526,8.43694,19.3935,0,56,68,50,1875,6801,3.97583,132,14.4903,0,0,4699,33735219732
122.666,8.15222,19.3935,0,56,68,50,1875,6801,3.97583,132,14.4903,0,0,4699,33835340636
116.055,8.61659,19.3935,0,56,68,50,1875,6801,3.97583,132,14.4903,0,0,4699,33935495771
134.292,7.44647,19.3935,0,56,68,50,1875,6801,3.97583,132,14.4903,0,0,4699,34035580925
128.241,7.79783,19.3935,0,56,68,50,1875,6801,3.97583,132,14.4903,0,0,4699,34135670200
124.077,8.05952,20.9003,0,79,66,52,1875,6801,4.18989,138,14.4955,0,0,4725,34235767134
133.303,7.50171,20.9003,0,79,66,52,1875,6801,4.18989,138,14.4955,0,0,4725,34335867299
133.873,7.46976,20.9003,0,79,66,52,1875,6801,4.18989,138,14.4955,0,0,4725,34435991623
116.044,8.61745,20.9003,0,79,66,52,1875,6801,4.18989,138,14.4955,0,0,4725,34536078038
149.066,6.70846,20.9003,0,79,66,52,1875,6801,4.18989,138,14.4955,0,0,4725,34636157862
138.038,7.24437,22.2222,0,99,66,54,1884,6801,4.28882,163,14.5118,0,0,4629,34736249977
139.196,7.18414,22.2222,0,99,66,54,1884,6801,4.28882,163,14.5118,0,0,4629,34836342561
97.887,10.2159,22.2222,0,99,66,54,1884,6801,4.28882,163,14.5118,0,0,4629,34936457646
86.4129,11.5723,22.2222,0,99,66,54,1884,6801,4.28882,163,14.5118,0,0,4629,35036555630
131.092,7.62822,22.2222,0,99,66,54,1884,6801,4.28882,163,14.5118,0,0,4629,35136657795
119.003,8.40315,30.9091,0,99,66,55,1890,6801,4.28276,195,14.5458,0,0,4599,35236760599
110.735,9.0306,30.9091,0,99,66,55,1890,6801,4.28276,195,14.5458,0,0,4599,35336857554
101.428,9.85917,30.9091,0,99,66,55,1890,6801,4.28276,195,14.5458,0,0,4599,35436964238
102.506,9.75551,30.9091,0,99,66,55,1890,6801,4.28276,195,14.5458,0,0,4599,35537089343
114.035,8.76927,30.9091,0,99,66,55,1890,6801,4.28276,195,14.5458,0,0,4599,35637205997
172.399,5.8005,30.9091,0,99,66,55,1890,6801,4.28276,195,14.5458,0,0,4599,35737322212
94.8173,10.5466,30.6907,0,92,67,55,1890,6801,4.3005,196,14.5508,0,0,4624,35837451756
95.5553,10.4651,30.6907,0,92,67,55,1890,6801,4.3005,196,14.5508,0,0,4624,35937530701
105.545,9.47465,30.6907,0,92,67,55,1890,6801,4.3005,196,14.5508,0,0,4624,36037621445
93.7632,10.6652,30.6907,0,92,67,55,1890,6801,4.3005,196,14.5508,0,0,4624,36137710520
87.4462,11.4356,34.4745,0,98,67,55,1890,6801,4.32164,195,14.5192,0,0,4599,36237800004
64.9988,15.3849,34.4745,0,98,67,55,1890,6801,4.32164,195,14.5192,0,0,4599,36337883529
78.1499,12.7959,34.4745,0,98,67,55,1890,6801,4.32164,195,14.5192,0,0,4599,36437975063
104.054,9.61037,34.4745,0,98,67,55,1890,6801,4.32164,195,14.5192,0,0,4599,36538062688
134.479,7.43611,34.4745,0,98,67,55,1890,6801,4.32164,195,14.5192,0,0,4599,36638161092
114.441,8.7381,31.5004,0,95,67,55,1890,6801,4.33854,185,14.3116,0,0,4601,36738257216
94.2466,10.6105,31.5004,0,95,67,55,1890,6801,4.33854,185,14.3116,0,0,4601,36838341781
127.1,7.86785,31.5004,0,95,67,55,1890,6801,4.33854,185,14.3116,0,0,4601,36938406225
135.925,7.35701,31.5004,0,95,67,55,1890,6801,4.33854,185,14.3116,0,0,4601,37038522300
103.031,9.70579,31.5004,0,95,67,55,1890,6801,4.33854,185,14.3116,0,0,4601,37138620004
107.269,9.32237,32.7044,0,94,67,56,1890,6801,4.34274,193,14.3238,0,0,4581,37238739969
106.574,9.38313,32.7044,0,94,67,56,1890,6801,4.34274,193,14.3238,0,0,4581,37338835743
134.914,7.41213,32.7044,0,94,67,56,1890,6801,4.34274,193,14.3238,0,0,4581,37438970428
123.52,8.09587,32.7044,0,94,67,56,1890,6801,4.34274,193,14.3238,0,0,4581,37539166572
137.561,7.2695,32.7044,0,94,67,56,1890,6801,4.34274,193,14.3238,0,0,4581,37639281977
132.14,7.56775,32.7044,0,94,67,56,1890,6801,4.34274,193,14.3238,0,0,4581,37739410141
121.36,8.23992,28.0998,0,90,67,55,1890,6801,4.34882,201,14.3244,0,0,4673,37839511436
128.285,7.79513,28.0998,0,90,67,55,1890,6801,4.34882,201,14.3244,0,0,4673,37939603410
125.691,7.95605,28.0998,0,90,67,55,1890,6801,4.34882,201,14.3244,0,0,4673,38039692145
129.188,7.74067,28.0998,0,90,67,55,1890,6801,4.34882,201,14.3244,0,0,4673,38139773189
127.321,7.85419,28.2958,0,90,67,55,1890,6801,4.34882,201,14.3014,0,0,4625,38239862914
121.239,8.24816,28.2958,0,90,67,55,1890,6801,4.34882,201,14.3014,0,0,4625,38339931958
127.957,7.8151,28.2958,0,90,67,55,1890,6801,4.34882,201,14.3014,0,0,4625,38440028703
134.786,7.41918,28.2958,0,90,67,55,1890,6801,4.34882,201,14.3014,0,0,4625,38540145997
124.462,8.03459,28.2958,0,90,67,55,1890,6801,4.34882,201,14.3014,0,0,4625,38640239142
112.199,8.9127,28.254,0,96,67,55,1890,6801,4.34401,196,14.3039,0,0,4606,38740330846
137.098,7.29408,28.254,0,96,67,55,1890,6801,4.34401,196,14.3039,0,0,4606,38840432071
125.305,7.98056,28.254,0,96,67,55,1890,6801,4.34401,196,14.3039,0,0,4606,38940519555
124.871,8.00824,28.254,0,96,67,55,1890,6801,4.34401,196,14.3039,0,0,4606,39040604170
117.813,8.488,28.254,0,96,67,55,1890,6801,4.34401,196,14.3039,0,0,4606,39140697244
134.428,7.43893,30.5864,0,99,67,56,1890,6801,4.31311,198,14.2911,0,0,4600,39240782729
138.371,7.22694,30.5864,0,99,67,56,1890,6801,4.31311,198,14.2911,0,0,4600,39340825413
127.229,7.85982,30.5864,0,99,67,56,1890,6801,4.31311,198,14.2911,0,0,4600,39440912278
120.977,8.26605,30.5864,0,99,67,56,1890,6801,4.31311,198,14.2911,0,0,4600,39541020162
126.081,7.9314,30.5864,0,99,67,56,1890,6801,4.31311,198,14.2911,0,0,4600,39641117337
117.984,8.47571,30.5864,0,99,67,56,1890,6801,4.31311,198,14.2911,0,0,4600,39741210551
121.671,8.21892,30.8247,0,98,66,56,1890,6801,4.29864,202,14.2805,0,0,4600,39841287786
130.396,7.66892,30.8247,0,98,66,56,1890,6801,4.29864,202,14.2805,0,0,4600,39941374080
95.2067,10.5035,30.8247,0,98,66,56,1890,6801,4.29864,202,14.2805,0,0,4600,40041520205
84.5868,11.8222,30.8247,0,98,66,56,1890,6801,4.29864,202,14.2805,0,0,4600,40141624959
104.509,9.56857,33.307,0,98,66,56,1890,6801,4.29962,202,14.3247,0,0,4598,40241718804
124.397,8.03879,33.307,0,98,66,56,1890,6801,4.29962,202,14.3247,0,0,4598,40341804908
136.043,7.35061,33.307,0,98,66,56,1890,6801,4.29962,202,14.3247,0,0,4598,40441895803
146.419,6.82971,33.307,0,98,66,56,1890,6801,4.29962,202,14.3247,0,0,4598,40541992247
133.46,7.49286,33.307,0,98,66,56,1890,6801,4.29962,202,14.3247,0,0,4598,40642085742
135.407,7.38513,29.8008,0,96,66,56,1890,6801,4.3048,199,14.3178,0,0,4623,40742209026
113.467,8.81316,29.8008,0,96,66,56,1890,6801,4.3048,199,14.3178,0,0,4623,40842297440
125.039,7.99752,29.8008,0,96,66,56,1890,6801,4.3048,199,14.3178,0,0,4623,40942396555
117.4,8.51787,29.8008,0,96,66,56,1890,6801,4.3048,199,14.3178,0,0,4623,41042479629
107.443,9.30723,29.8008,0,96,66,56,1890,6801,4.3048,199,14.3178,0,0,4623,41142547224
109.397,9.14106,26.8987,0,90,66,56,1890,6801,4.29668,194,14.3157,0,0,4674,41242704858
132.274,7.56006,26.8987,0,90,66,56,1890,6801,4.29668,194,14.3157,0,0,4674,41342944493
131.24,7.61965,26.8987,0,90,66,56,1890,6801,4.29668,194,14.3157,0,0,4674,41443034637
116.426,8.58916,26.8987,0,90,66,56,1890,6801,4.29668,194,14.3157,0,0,4674,41543136982
88.5848,11.2886,26.8987,0,90,66,56,1890,6801,4.29668,194,14.3157,0,0,4674,41643231706
103.687,9.64441,26.8987,0,90,66,56,1890,6801,4.29668,194,14.3157,0,0,4674,41743327791
127.884,7.81958,26.278,0,96,67,56,1890,6801,4.29869,199,14.3228,0,0,4723,41843425255
136.581,7.32167,26.278,0,96,67,56,1890,6801,4.29869,199,14.3228,0,0,4723,41943485490
134.785,7.41923,26.278,0,96,67,56,1890,6801,4.29869,199,14.3228,0,0,4723,42043579514
125.637,7.95941,26.278,0,96,67,56,1890,6801,4.29869,199,14.3228,0,0,4723,42143713239
111.074,9.00303,28.1847,0,96,67,56,1890,6801,4.3043,200,14.3291,0,0,4675,42243807263
131.779,7.58847,28.1847,0,96,67,56,1890,6801,4.3043,200,14.3291,0,0,4675,42343907418
140.734,7.10562,28.1847,0,96,67,56,1890,6801,4.3043,200,14.3291,0,0,4675,42443996192
130.999,7.63364,28.1847,0,96,67,56,1890,6801,4.3043,200,14.3291,0,0,4675,42544084647
127.637,7.83475,28.1847,0,96,67,56,1890,6801,4.3043,200,14.3291,0,0,4675,42644177721
130.895,7.63972,27.4038,0,96,67,56,1890,6801,4.29836,196,14.3309,0,0,4625,42744273706
130.13,7.68461,27.4038,0,96,67,56,1890,6801,4.29836,196,14.3309,0,0,4625,42844378630
153.583,6.51115,27.4038,0,96,67,56,1890,6801,4.29836,196,14.3309,0,0,4625,42944464365
125.534,7.96594,27.4038,0,96,67,56,1890,6801,4.29836,196,14.3309,0,0,4625,43044574629
119.583,8.36239,27.4038,0,96,67,56,1890,6801,4.29836,196,14.3309,0,0,4625,43144675954
125.232,7.98519,27.1497,0,96,67,56,1890,6801,4.29836,196,14.3529,0,0,4601,43244768398
149.903,6.67099,27.1497,0,96,67,56,1890,6801,4.29836,196,14.3529,0,0,4601,43344872563
153.455,6.51656,27.1497,0,96,67,56,1890,6801,4.29836,196,14.3529,0,0,4601,43444975877
115.882,8.62947,27.1497,0,96,67,56,1890,6801,4.29836,196,14.3529,0,0,4601,43545089572
146.26,6.83715,27.1497,0,96,67,56,1890,6801,4.29836,196,14.3529,0,0,4601,43645176336
126.295,7.91799,27.1497,0,96,67,56,1890,6801,4.29836,196,14.3529,0,0,4601,43745274181
148.476,6.7351,25.6146,0,94,66,56,1890,6801,4.30084,195,12.6862,0,0,4600,43845354635
158.653,6.30308,25.6146,0,94,66,56,1890,6801,4.30084,195,12.6862,0,0,4600,43945441790
151.938,6.58163,25.6146,0,94,66,56,1890,6801,4.30084,195,12.6862,0,0,4600,44045523564
140.644,7.11017,25.6146,0,94,66,56,1890,6801,4.30084,195,12.6862,0,0,4600,44145631209
152.346,6.56401,25.6146,0,94,66,56,1890,6801,4.30084,195,12.6862,0,0,4600,44245773303
146.755,6.81409,28.766,0,81,66,55,1890,6801,4.283,189,12.6878,0,0,4648,44345862858
162.86,6.14025,28.766,0,81,66,55,1890,6801,4.283,189,12.6878,0,0,4648,44445956132
130.649,7.65411,28.766,0,81,66,55,1890,6801,4.283,189,12.6878,0,0,4648,44546081676
126.48,7.90636,28.766,0,81,66,55,1890,6801,4.283,189,12.6878,0,0,4648,44646174621
136.64,7.31849,28.766,0,81,66,55,1890,6801,4.283,189,12.6878,0,0,4648,44746268245
133.632,7.48324,23.4921,0,86,66,55,1890,6801,4.27995,186,12.6688,0,0,4631,44846355620
167.541,5.96869,23.4921,0,86,66,55,1890,6801,4.27995,186,12.6688,0,0,4631,44946425814
143.256,6.98053,23.4921,0,86,66,55,1890,6801,4.27995,186,12.6688,0,0,4631,45046513759
151.755,6.58957,23.4921,0,86,66,55,1890,6801,4.27995,186,12.6688,0,0,4631,45146637763
146.282,6.83613,23.4921,0,86,66,55,1890,6801,4.27995,186,12.6688,0,0,4631,45246726678
166.757,5.99674,25.44,0,97,66,56,1890,6801,4.28502,194,12.6594,0,0,4649,45346815302
165.029,6.05953,25.44,0,97,66,56,1890,6801,4.28502,194,12.6594,0,0,4649,45446903737
153.57,6.51167,25.44,0,97,66,56,1890,6801,4.28502,194,12.6594,0,0,4649,45546993151
158.041,6.32746,25.44,0,97,66,56,1890,6801,4.28502,194,12.6594,0,0,4649,45647086756
147.939,6.75956,25.44,0,97,66,56,1890,6801,4.28502,194,12.6594,0,0,4649,45747187920
151.531,6.59932,23.336,0,99,66,57,1890,6801,4.27125,205,12.6582,0,0,4704,45847284575
145.12,6.89084,23.336,0,99,66,57,1890,6801,4.27125,205,12.6582,0,0,4704,45947378039
103.594,9.65303,23.336,0,99,66,57,1890,6801,4.27125,205,12.6582,0,0,4704,46047500754
84.6269,11.8166,23.336,0,99,66,57,1890,6801,4.27125,205,12.6582,0,0,4704,46147648988
113.462,8.81353,23.336,0,99,66,57,1890,6801,4.27125,205,12.6582,0,0,4704,46247736463
134.539,7.43279,26.4076,0,99,66,57,1890,6801,4.27679,207,12.6595,0,0,4625,46347826917
121.478,8.23197,26.4076,0,99,66,57,1890,6801,4.27679,207,12.6595,0,0,4625,46447884242
147.852,6.7635,26.4076,0,99,66,57,1890,6801,4.27679,207,12.6595,0,0,4625,46547974256
102.555,9.75084,26.4076,0,99,66,57,1890,6801,4.27679,207,12.6595,0,0,4625,46648070251
135.286,7.39176,26.4076,0,99,66,57,1890,6801,4.27679,207,12.6595,0,0,4625,46748165565
145.9,6.85401,34.0764,0,95,66,56,1890,6801,4.27523,203,12.7575,0,0,4575,46848294320
130.194,7.68087,34.0764,0,95,66,56,1890,6801,4.27523,203,12.7575,0,0,4575,46948381134
151.108,6.61777,34.0764,0,95,66,56,1890,6801,4.27523,203,12.7575,0,0,4575,47048477169
133.984,7.4636,34.0764,0,95,66,56,1890,6801,4.27523,203,12.7575,0,0,4575,47148578373
127.102,7.86767,34.0764,0,95,66,56,1890,6801,4.27523,203,12.7575,0,0,4575,47248684108
107.584,9.29508,29.36,0,84,66,55,1890,6801,4.26755,187,12.888,0,0,4674,47348807982
91.7779,10.8959,29.36,0,84,66,55,1890,6801,4.26755,187,12.888,0,0,4674,47448919257
83.9448,11.9126,29.36,0,84,66,55,1890,6801,4.26755,187,12.888,0,0,4674,47549019591
72.2001,13.8504,29.36,0,84,66,55,1890,6801,4.26755,187,12.888,0,0,4674,47649129796
87.9416,11.3712,29.36,0,84,66,55,1890,6801,4.26755,187,12.888,0,0,4674,47749254460
94.8646,10.5413,29.36,0,84,66,55,1890,6801,4.26755,187,12.888,0,0,4674,47849419935
70.0905,14.2673,27.0312,0,80,66,55,1890,6801,4.26831,178,13.2338,0,0,4650,47949518359
82.4366,12.1305,27.0312,0,80,66,55,1890,6801,4.26831,178,13.2338,0,0,4650,48049594074
106.424,9.3964,27.0312,0,80,66,55,1890,6801,4.26831,178,13.2338,0,0,4650,48149717078
58.747,17.0222,27.0312,0,80,66,55,1890,6801,4.26831,178,13.2338,0,0,4650,48249855773
74.3972,13.4414,25.2983,0,65,66,54,1890,6801,4.26601,175,13.5179,0,0,4635,48350000337
64.2913,15.5542,25.2983,0,65,66,54,1890,6801,4.26601,175,13.5179,0,0,4635,48450159001
123.229,8.11499,25.2983,0,65,66,54,1890,6801,4.26601,175,13.5179,0,0,4635,48550280336
135.018,7.40644,25.2983,0,65,66,54,1890,6801,4.26601,175,13.5179,0,0,4635,48650404610
103.88,9.62651,25.2983,0,65,66,54,1890,6801,4.26601,175,13.5179,0,0,4635,48750518315
116.786,8.56265,26.8312,0,65,66,54,1890,6801,4.26601,175,13.6028,0,0,4725,48850608679
124.379,8.03995,26.8312,0,65,66,54,1890,6801,4.26601,175,13.6028,0,0,4725,48950694414
104.962,9.52723,26.8312,0,65,66,54,1890,6801,4.26601,175,13.6028,0,0,4725,49050780138
114.365,8.74395,26.8312,0,65,66,54,1890,6801,4.26601,175,13.6028,0,0,4725,49150865383
121.058,8.26051,26.8312,0,65,66,54,1890,6801,4.26601,175,13.6028,0,0,4725,49250951127
125.627,7.96007,22.3293,0,63,66,54,1890,6801,4.25519,160,13.6049,0,0,4622,49351059062
144.91,6.90083,22.3293,0,63,66,54,1890,6801,4.25519,160,13.6049,0,0,4622,49451142826
121.309,8.24339,22.3293,0,63,66,54,1890,6801,4.25519,160,13.6049,0,0,4622,49551233031
97.7938,10.2256,22.3293,0,63,66,54,1890,6801,4.25519,160,13.6049,0,0,4622,49651328325
109.274,9.1513,22.3293,0,63,66,54,1890,6801,4.25519,160,13.6049,0,0,4622,49751430570
116.974,8.54894,22.3293,0,63,66,54,1890,6801,4.25519,160,13.6049,0,0,4622,49851559094
173.427,5.7661,22.3556,0,88,65,56,1890,6801,4.25519,168,13.6802,0,0,4696,49951625759
127.687,7.83168,22.3556,0,88,65,56,1890,6801,4.25519,168,13.6802,0,0,4696,50051724763
506.301,1.97511,22.3556,0,88,65,56,1890,6801,4.25519,168,13.6802,0,0,4696,50151823868
98.3178,10.1711,22.3556,0,88,65,56,1890,6801,4.25519,168,13.6802,0,0,4696,50251902262
101.777,9.82543,27.2582,0,99,65,58,1890,6801,4.25079,199,13.6884,0,0,4605,50351991167
113.903,8.77943,27.2582,0,99,65,58,1890,6801,4.25079,199,13.6884,0,0,4605,50452120321
132.59,7.54203,27.2582,0,99,65,58,1890,6801,4.25079,199,13.6884,0,0,4605,50552239016
133.275,7.50331,27.2582,0,99,65,58,1890,6801,4.25079,199,13.6884,0,0,4605,50652325820
127.043,7.87135,27.2582,0,99,65,58,1890,6801,4.25079,199,13.6884,0,0,4605,50752568175
116.083,8.61454,22.3016,0,70,65,55,1890,6801,4.24542,198,13.6905,0,0,4673,50852641679
112.915,8.85621,22.3016,0,70,65,55,1890,6801,4.24542,198,13.6905,0,0,4673,50952738014
132.384,7.55378,22.3016,0,70,65,55,1890,6801,4.24542,198,13.6905,0,0,4673,51052831758
116.12,8.6118,22.3016,0,70,65,55,1890,6801,4.24542,198,13.6905,0,0,4673,51152930363
114.641,8.72286,22.3016,0,70,65,55,1890,6801,4.24542,198,13.6905,0,0,4673,51253022717
118.746,8.42132,21.2749,0,90,65,57,1890,6801,4.25519,188,13.6881,0,0,4698,51353114352
110.348,9.06222,21.2749,0,90,65,57,1890,6801,4.25519,188,13.6881,0,0,4698,51453197876
109.214,9.15631,21.2749,0,90,65,57,1890,6801,4.25519,188,13.6881,0,0,4698,51553282281
131.142,7.62535,21.2749,0,90,65,57,1890,6801,4.25519,188,13.6881,0,0,4698,51653366475
111.964,8.93147,21.2749,0,90,65,57,1890,6801,4.25519,188,13.6881,0,0,4698,51753477210
132.823,7.52883,21.2749,0,90,65,57,1890,6801,4.25519,188,13.6881,0,0,4698,51853571164
107.905,9.26737,23.6045,0,99,65,58,1890,6801,4.25519,201,13.6908,0,0,4625,51953679299
114.301,8.74886,23.6045,0,99,65,58,1890,6801,4.25519,201,13.6908,0,0,4625,52053847123
119.544,8.36513,23.6045,0,99,65,58,1890,6801,4.25519,201,13.6908,0,0,4625,52153949887
97.8007,10.2249,23.6045,0,99,65,58,1890,6801,4.25519,201,13.6908,0,0,4625,52254082522
149.356,6.69541,28,0,99,65,58,1890,6801,4.24077,214,13.6452,0,0,4697,52354197816
134.365,7.44242,28,0,99,65,58,1890,6801,4.24077,214,13.6452,0,0,4697,52454285731
147.263,6.79056,28,0,99,65,58,1890,6801,4.24077,214,13.6452,0,0,4697,52554367415
105.962,9.43731,28,0,99,65,58,1890,6801,4.24077,214,13.6452,0,0,4697,52654457540
112.579,8.88266,28,0,99,65,58,1890,6801,4.24077,214,13.6452,0,0,4697,52754571074
112.397,8.89705,24.2665,0,98,65,58,1890,6801,4.22809,216,13.6348,0,0,4648,52854678549
127.298,7.85561,24.2665,0,98,65,58,1890,6801,4.22809,216,13.6348,0,0,4648,52954762143
124.067,8.06013,24.2665,0,98,65,58,1890,6801,4.22809,216,13.6348,0,0,4648,53054852578
119.445,8.37203,24.2665,0,98,65,58,1890,6801,4.22809,216,13.6348,0,0,4648,53154944082
111.504,8.96828,24.2665,0,98,65,58,1890,6801,4.22809,216,13.6348,0,0,4648,53255032677
101.799,9.82331,24.2665,0,98,65,58,1890,6801,4.22809,216,13.6348,0,0,4648,53355144821
119.078,8.39784,22.1691,0,95,65,58,1890,6801,4.22809,212,13.6352,0,0,4699,53455258246
92.7057,10.7868,22.1691,0,95,65,58,1890,6801,4.22809,212,13.6352,0,0,4699,53555364740
96.2801,10.3864,22.1691,0,95,65,58,1890,6801,4.22809,212,13.6352,0,0,4699,53655459495
114.402,8.74109,22.1691,0,95,65,58,1890,6801,4.22809,212,13.6352,0,0,4699,53755544369
106.326,9.40502,22.1691,0,95,65,58,1890,6801,4.22809,212,13.6352,0,0,4699,53855636914
111.809,8.94383,26.4774,0,97,64,58,1890,6801,4.22809,210,13.6293,0,0,4700,53955699108
148.2,6.74766,26.4774,0,97,64,58,1890,6801,4.22809,210,13.6293,0,0,4700,54055798653
128.842,7.76145,26.4774,0,97,64,58,1890,6801,4.22809,210,13.6293,0,0,4700,54155886687
134.679,7.42505,26.4774,0,97,64,58,1890,6801,4.22809,210,13.6293,0,0,4700,54255995962
118.943,8.4074,26.4774,0,97,64,58,1890,6801,4.22809,210,13.6293,0,0,4700,54356085346
157.946,6.33128,21.3089,0,97,64,58,1890,6801,4.22809,210,13.6218,0,0,4625,54456171721
145.255,6.88444,21.3089,0,97,64,58,1890,6801,4.22809,210,13.6218,0,0,4625,54556263135
142.971,6.99444,21.3089,0,97,64,58,1890,6801,4.22809,210,13.6218,0,0,4625,54656360570
149.835,6.67403,21.3089,0,97,64,58,1890,6801,4.22809,210,13.6218,0,0,4625,54756467534
141.419,7.07117,21.3089,0,97,64,58,1890,6801,4.22809,210,13.6218,0,0,4625,54856573119
128.342,7.79168,21.4173,0,57,64,56,1890,6801,4.23346,199,13.6218,0,0,4675,54956693973
124.457,8.03491,21.4173,0,57,64,56,1890,6801,4.23346,199,13.6218,0,0,4675,55056874838
161.9,6.17667,21.4173,0,57,64,56,1890,6801,4.23346,199,13.6218,0,0,4675,55156990962
154.375,6.47775,21.4173,0,57,64,56,1890,6801,4.23346,199,13.6218,0,0,4675,55257081137
141.383,7.07297,21.4173,0,57,64,56,1890,6801,4.23346,199,13.6218,0,0,4675,55357185091
151.648,6.59421,25.832,0,90,64,57,1890,6801,4.23785,197,13.6286,0,0,4624,55457305976
192.504,5.19469,25.832,0,90,64,57,1890,6801,4.23785,197,13.6286,0,0,4624,55557414240
135.807,7.36339,25.832,0,90,64,57,1890,6801,4.23785,197,13.6286,0,0,4624,55657507515
139.446,7.17122,25.832,0,90,64,57,1890,6801,4.23785,197,13.6286,0,0,4624,55757589909
136.297,7.3369,25.832,0,90,64,57,1890,6801,4.23785,197,13.6286,0,0,4624,55857680334
124.103,8.05784,22.5806,0,94,64,58,1890,6801,4.23785,204,13.6282,0,0,4649,55957731128
143.996,6.94464,22.5806,0,94,64,58,1890,6801,4.23785,204,13.6282,0,0,4649,56057813002
152.383,6.56243,22.5806,0,94,64,58,1890,6801,4.23785,204,13.6282,0,0,4649,56157907227
130.492,7.66329,22.5806,0,94,64,58,1890,6801,4.23785,204,13.6282,0,0,4649,56258026351
133.231,7.50578,22.5806,0,94,64,58,1890,6801,4.23785,204,13.6282,0,0,4649,56358148506
120.521,8.29734,22.5653,0,94,64,58,1890,6801,4.23785,208,13.6173,0,0,4675,56458261830
122.368,8.1721,22.5653,0,94,64,58,1890,6801,4.23785,208,13.6173,0,0,4675,56558343795
119.183,8.39044,22.5653,0,94,64,58,1890,6801,4.23785,208,13.6173,0,0,4675,56658439479
124.453,8.03516,22.5653,0,94,64,58,1890,6801,4.23785,208,13.6173,0,0,4675,56758540724
144.758,6.90807,22.5653,0,94,64,58,1890,6801,4.23785,208,13.6173,0,0,4675,56858634118
139.813,7.15243,21.68,0,98,64,58,1890,6801,4.23785,207,13.6182,0,0,4647,56958726653
111.042,9.00561,21.68,0,98,64,58,1890,6801,4.23785,207,13.6182,0,0,4647,57058836127
117.414,8.51689,21.68,0,98,64,58,1890,6801,4.23785,207,13.6182,0,0,4647,57158913412
145.056,6.89391,21.68,0,98,64,58,1890,6801,4.23785,207,13.6182,0,0,4647,57259007426
140.785,7.10301,21.68,0,98,64,58,1890,6801,4.23785,207,13.6182,0,0,4647,57359120421
130.811,7.64459,21.68,0,98,64,58,1890,6801,4.23785,207,13.6182,0,0,4647,57459218255
137.699,7.26222,26.6244,0,96,65,59,1890,6801,4.23785,212,13.6171,0,0,4600,57559335880
147.094,6.79836,26.6244,0,96,65,59,1890,6801,4.23785,212,13.6171,0,0,4600,57659426344
148.77,6.72178,26.6244,0,96,65,59,1890,6801,4.23785,212,13.6171,0,0,4600,57759513679
127.594,7.83733,26.6244,0,96,65,59,1890,6801,4.23785,212,13.6171,0,0,4600,57859625793
124.249,8.04833,27.7384,0,97,65,58,1890,6801,4.23785,215,13.6166,0,0,4649,57959782718
185.07,5.40337,27.7384,0,97,65,58,1890,6801,4.23785,215,13.6166,0,0,4649,58059891212
136.337,7.33478,27.7384,0,97,65,58,1890,6801,4.23785,215,13.6166,0,0,4649,58159988457
148.515,6.73331,27.7384,0,97,65,58,1890,6801,4.23785,215,13.6166,0,0,4649,58260028581
145.416,6.87682,27.7384,0,97,65,58,1890,6801,4.23785,215,13.6166,0,0,4649,58360112056
122.68,8.15131,24.6608,0,94,65,58,1890,6801,4.23785,213,13.6084,0,0,4637,58460197630
136.991,7.29973,24.6608,0,94,65,58,1890,6801,4.23785,213,13.6084,0,0,4637,58560286125
148.228,6.74635,24.6608,0,94,65,58,1890,6801,4.23785,213,13.6084,0,0,4637,58660384109
144.81,6.90561,24.6608,0,94,65,58,1890,6801,4.23785,213,13.6084,0,0,4637,58760476534
133.079,7.51434,24.6608,0,94,65,58,1890,6801,4.23785,213,13.6084,0,0,4637,58860515238
129.678,7.71141,19.9515,0,97,65,58,1890,6801,4.23785,213,13.6087,0,0,4720,58960607623
118.483,8.44004,19.9515,0,97,65,58,1890,6801,4.23785,213,13.6087,0,0,4720,59060714337
142.926,6.99664,19.9515,0,97,65,58,1890,6801,4.23785,213,13.6087,0,0,4720,59160848892
150.355,6.65091,19.9515,0,97,65,58,1890,6801,4.23785,213,13.6087,0,0,4720,59260936766
160.596,6.2268,19.9515,0,97,65,58,1890,6801,4.23785,213,13.6087,0,0,4720,59361036691
140.183,7.13351,19.9515,0,97,65,58,1890,6801,4.23785,213,13.6087,0,0,4720,59461142865
133.358,7.49863,21.652,0,99,66,59,1890,6801,4.23785,218,13.6016,0,0,4672,59561225130
120.622,8.29033,21.652,0,99,66,59,1890,6801,4.23785,218,13.6016,0,0,4672,59661311264
166.459,6.00747,21.652,0,99,66,59,1890,6801,4.23785,218,13.6016,0,0,4672,59761422399
134.137,7.45509,21.652,0,99,66,59,1890,6801,4.23785,218,13.6016,0,0,4672,59861516753
169.073,5.9146,25.2598,0,99,66,59,1890,6801,4.23785,218,13.6028,0,0,4604,59961624438
126.328,7.91591,25.2598,0,99,66,59,1890,6801,4.23785,218,13.6028,0,0,4604,60061749002
132.224,7.56293,25.2598,0,99,66,59,1890,6801,4.23785,218,13.6028,0,0,4604,60161811376
126.104,7.92998,25.2598,0,99,66,59,1890,6801,4.23785,218,13.6028,0,0,4604,60261903631
130.739,7.64885,25.2598,0,99,66,59,1890,6801,4.23785,218,13.6028,0,0,4604,60362001235
152.859,6.54199,27.7866,0,99,66,59,1890,6801,4.23785,221,13.602,0,0,4649,60462122340
151.686,6.59255,27.7866,0,99,66,59,1890,6801,4.23785,221,13.602,0,0,4649,60562257624
135.421,7.38438,27.7866,0,99,66,59,1890,6801,4.23785,221,13.602,0,0,4649,60662357069
142.945,6.99569,27.7866,0,99,66,59,1890,6801,4.23785,221,13.602,0,0,4649,60762445963
149.915,6.67044,27.7866,0,99,66,59,1890,6801,4.23785,221,13.602,0,0,4649,60862538968
165.906,6.02752,25.923,0,99,66,59,1890,6801,4.23785,221,13.5943,0,0,4719,60962631592
145.728,6.86212,25.923,0,99,66,59,1890,6801,4.23785,221,13.5943,0,0,4719,61062716237
134.715,7.42307,25.923,0,99,66,59,1890,6801,4.23785,221,13.5943,0,0,4719,61162808661
128.891,7.75849,25.923,0,99,66,59,1890,6801,4.23785,221,13.5943,0,0,4719,61262898976
138.749,7.20725,25.923,0,99,66,59,1890,6801,4.23785,221,13.5943,0,0,4719,61362990070
123.428,8.10187,25.923,0,99,66,59,1890,6801,4.23785,221,13.5943,0,0,4719,61463079925
131.621,7.59756,20.1939,0,98,67,59,1890,6801,4.23728,216,13.5826,0,0,4730,61563169129
133.056,7.51561,20.1939,0,98,67,59,1890,6801,4.23728,216,13.5826,0,0,4730,61663257864
128.733,7.768,20.1939,0,98,67,59,1890,6801,4.23728,216,13.5826,0,0,4730,61763355838
147.586,6.77571,20.1939,0,98,67,59,1890,6801,4.23728,216,13.5826,0,0,4730,61863456013
124.131,8.056,18.5275,0,98,67,59,1890,6801,4.24298,210,13.5863,0,0,4674,61963544817
124.954,8.00294,18.5275,0,98,67,59,1890,6801,4.24298,210,13.5863,0,0,4674,62063632902
129.015,7.75102,18.5275,0,98,67,59,1890,6801,4.24298,210,13.5863,0,0,4674,62163719476
140.841,7.10019,18.5275,0,98,67,59,1890,6801,4.24298,210,13.5863,0,0,4674,62263810151
143.564,6.96553,18.5275,0,98,67,59,1890,6801,4.24298,210,13.5863,0,0,4674,62363925525
116.065,8.61589,17.7316,0,98,67,59,1890,6801,4.24591,214,13.5834,0,0,4725,62464013110
140.846,7.09993,17.7316,0,98,67,59,1890,6801,4.24591,214,13.5834,0,0,4725,62564116374
94.6718,10.5628,17.7316,0,98,67,59,1890,6801,4.24591,214,13.5834,0,0,4725,62664237509
147.106,6.79781,17.7316,0,98,67,59,1890,6801,4.24591,214,13.5834,0,0,4725,62764325373
164.071,6.09493,17.7316,0,98,67,59,1890,6801,4.24591,214,13.5834,0,0,4725,62864413008
96.5412,10.3583,21.7563,0,98,67,60,1890,6801,4.24591,220,13.593,0,0,4674,62964519282
123.051,8.1267,21.7563,0,98,67,60,1890,6801,4.24591,220,13.593,0,0,4674,63064658997
138.043,7.24412,21.7563,0,98,67,60,1890,6801,4.24591,220,13.593,0,0,4674,63164761751
118.68,8.42599,21.7563,0,98,67,60,1890,6801,4.24591,220,13.593,0,0,4674,63264848086
118.783,8.41873,21.7563,0,98,67,60,1890,6801,4.24591,220,13.593,0,0,4674,63364953050
126.122,7.92883,21.7563,0,98,67,60,1890,6801,4.24591,220,13.593,0,0,4674,63465039775
132.459,7.5495,23.0159,0,99,66,59,1890,6801,4.24591,219,13.5773,0,0,4682,63565143629
127.395,7.8496,23.0159,0,99,66,59,1890,6801,4.24591,219,13.5773,0,0,4682,63665240284
114.287,8.74993,23.0159,0,99,66,59,1890,6801,4.24591,219,13.5773,0,0,4682,63765337708
135.202,7.39632,23.0159,0,99,66,59,1890,6801,4.24591,219,13.5773,0,0,4682,63865445633
126.645,7.89609,25.7098,0,99,66,59,1890,6801,4.23956,217,13.5786,0,0,4606,63965528227
128.353,7.79103,25.7098,0,99,66,59,1890,6801,4.23956,217,13.5786,0,0,4606,64065621282
126.5,7.90514,25.7098,0,99,66,59,1890,6801,4.23956,217,13.5786,0,0,4606,64165731316
139.501,7.16842,25.7098,0,99,66,59,1890,6801,4.23956,217,13.5786,0,0,4606,64265835230
144.783,6.90688,25.7098,0,99,66,59,1890,6801,4.23956,217,13.5786,0,0,4606,64365882375
124.097,8.0582,24.5177,0,99,66,59,1890,6801,4.23615,216,13.5804,0,0,4722,64465951169
117.536,8.50802,24.5177,0,99,66,59,1890,6801,4.23615,216,13.5804,0,0,4722,64566033854
119.072,8.39829,24.5177,0,99,66,59,1890,6801,4.23615,216,13.5804,0,0,4722,64666118828
120.627,8.29005,24.5177,0,99,66,59,1890,6801,4.23615,216,13.5804,0,0,4722,64766213343
125.52,7.96688,24.5177,0,99,66,59,1890,6801,4.23615,216,13.5804,0,0,4722,64866293827
112.054,8.9243,20.0639,0,99,66,60,1890,6801,4.23615,217,13.5604,0,0,4700,64966388952
130.058,7.68889,20.0639,0,99,66,60,1890,6801,4.23615,217,13.5604,0,0,4700,65066470236
125.171,7.9891,20.0639,0,99,66,60,1890,6801,4.23615,217,13.5604,0,0,4700,65166557571
118.15,8.4638,20.0639,0,99,66,60,1890,6801,4.23615,217,13.5604,0,0,4700,65266646295
136.793,7.31034,20.0639,0,99,66,60,1890,6801,4.23615,217,13.5604,0,0,4700,65366733960
116.399,8.59114,20.0639,0,99,66,60,1890,6801,4.23615,217,13.5604,0,0,4700,65466824874
129.821,7.70292,21.6454,0,99,67,60,1890,6801,4.23615,218,13.5646,0,0,4700,65566904829
114.883,8.70452,21.6454,0,99,67,60,1890,6801,4.23615,218,13.5646,0,0,4700,65667002223
126.137,7.92788,21.6454,0,99,67,60,1890,6801,4.23615,218,13.5646,0,0,4700,65767087768
112.848,8.86148,21.6454,0,99,67,60,1890,6801,4.23615,218,13.5646,0,0,4700,65867171872
113.55,8.80672,21.6454,0,99,67,60,1890,6801,4.23615,218,13.5646,0,0,4700,65967268277
122.091,8.19062,21.263,0,99,67,60,1890,6801,4.23615,218,13.5647,0,0,4642,66067358361
125.26,7.98339,21.263,0,99,67,60,1890,6801,4.23615,218,13.5647,0,0,4642,66167441246
114.92,8.7017,21.263,0,99,67,60,1890,6801,4.23615,218,13.5647,0,0,4642,66267608520
287.749,3.47525,21.263,0,99,67,60,1890,6801,4.23615,218,13.5647,0,0,4642,66367706665
105.268,9.49954,21.263,0,99,67,60,1890,6801,4.23615,218,13.5647,0,0,4642,66467797839
142.385,7.02321,20.7865,0,99,67,60,1890,6801,4.23615,219,13.5792,0,0,4649,66567883474
122.028,8.19487,20.7865,0,99,67,60,1890,6801,4.23615,219,13.5792,0,0,4649,66668005768
144.753,6.9083,20.7865,0,99,67,60,1890,6801,4.23615,219,13.5792,0,0,4649,66768091823
125.022,7.99859,20.7865,0,99,67,60,1890,6801,4.23615,219,13.5792,0,0,4649,66868174987
126.821,7.88512,20.7865,0,99,67,60,1890,6801,4.23615,219,13.5792,0,0,4649,66968257772
153.947,6.49575,20.3689,0,97,67,59,1890,6801,4.23615,219,13.5814,0,0,4663,67068346526
127.182,7.86273,20.3689,0,97,67,59,1890,6801,4.23615,219,13.5814,0,0,4663,67168442361
118.924,8.40876,20.3689,0,97,67,59,1890,6801,4.23615,219,13.5814,0,0,4663,67268542255
140.467,7.11912,20.3689,0,97,67,59,1890,6801,4.23615,219,13.5814,0,0,4663,67368633340
112.875,8.85938,20.3689,0,97,67,59,1890,6801,4.23615,219,13.5814,0,0,4663,67468724684
147.237,6.79177,20.3689,0,97,67,59,1890,6801,4.23615,219,13.5814,0,0,4663,67568828389
112.18,8.91421,20.6462,0,89,66,59,1890,6801,4.23615,218,13.5872,0,0,4675,67668917053
133.634,7.48313,20.6462,0,89,66,59,1890,6801,4.23615,218,13.5872,0,0,4675,67769054188
132.524,7.54583,20.6462,0,89,66,59,1890,6801,4.23615,218,13.5872,0,0,4675,67869135142
139.17,7.18545,20.6462,0,89,66,59,1890,6801,4.23615,218,13.5872,0,0,4675,67969221337
64.9324,15.4006,20.9098,0,99,66,60,1890,6801,4.23615,217,13.5924,0,0,4674,68069315571
139.405,7.17335,20.9098,0,99,66,60,1890,6801,4.23615,217,13.5924,0,0,4674,68169418116
132.816,7.52919,20.9098,0,99,66,60,1890,6801,4.23615,217,13.5924,0,0,4674,68269503150
123.105,8.12318,20.9098,0,99,66,60,1890,6801,4.23615,217,13.5924,0,0,4674,68369649655
101.251,9.87648,20.9098,0,99,66,60,1890,6801,4.23615,217,13.5924,0,0,4674,68469746699
146.891,6.80777,23.8591,0,99,66,60,1890,6801,4.23439,219,13.6008,0,0,4621,68569825673
123.278,8.11175,23.8591,0,99,66,60,1890,6801,4.23439,219,13.6008,0,0,4621,68669916578
122.404,8.16965,23.8591,0,99,66,60,1890,6801,4.23439,219,13.6008,0,0,4621,68769960062
111.103,9.00065,23.8591,0,99,66,60,1890,6801,4.23439,219,13.6008,0,0,4621,68870058867
113.809,8.78667,23.8591,0,99,66,60,1890,6801,4.23439,219,13.6008,0,0,4621,68970148421
129.511,7.72133,27.1635,0,99,66,60,1890,6801,4.22736,218,13.6008,0,0,4613,69070236496
108.512,9.21556,27.1635,0,99,66,60,1890,6801,4.22736,218,13.6008,0,0,4613,69170326280
122.619,8.15536,27.1635,0,99,66,60,1890,6801,4.22736,218,13.6008,0,0,4613,69270439395
123.476,8.09874,27.1635,0,99,66,60,1890,6801,4.22736,218,13.6008,0,0,4613,69370527929
128.652,7.77288,27.1635,0,99,66,60,1890,6801,4.22736,218,13.6008,0,0,4613,69470618964
173.05,5.77869,27.1635,0,99,66,60,1890,6801,4.22736,218,13.6008,0,0,4613,69570717128
124.098,8.05817,24.2983,0,99,67,60,1890,6801,4.24884,211,13.6006,0,0,4625,69670813363
116.922,8.55269,24.2983,0,99,67,60,1890,6801,4.24884,211,13.6006,0,0,4625,69770949597
117.449,8.51433,24.2983,0,99,67,60,1890,6801,4.24884,211,13.6006,0,0,4625,69871118322
121.593,8.22419,24.2983,0,99,67,60,1890,6801,4.24884,211,13.6006,0,0,4625,69971203696
137.83,7.25529,22.3632,0,99,67,60,1890,6801,4.23615,219,13.6009,0,0,4674,70071290551
128.846,7.76122,22.3632,0,99,67,60,1890,6801,4.23615,219,13.6009,0,0,4674,70171393445
158.863,6.29475,22.3632,0,99,67,60,1890,6801,4.23615,219,13.6009,0,0,4674,70271475910
131.083,7.62878,22.3632,0,99,67,60,1890,6801,4.23615,219,13.6009,0,0,4674,70371566304
124.194,8.05189,22.3632,0,99,67,60,1890,6801,4.23615,219,13.6009,0,0,4674,70471651459
127.847,7.82184,23.7138,0,99,67,61,1890,6801,4.22443,226,13.6108,0,0,4674,70571739613
116.955,8.55027,23.7138,0,99,67,61,1890,6801,4.22443,226,13.6108,0,0,4674,70671837558
121.553,8.22686,23.7138,0,99,67,61,1890,6801,4.22443,226,13.6108,0,0,4674,70771923672
130.604,7.65675,23.7138,0,99,67,61,1890,6801,4.22443,226,13.6108,0,0,4674,70872000107
99.5022,10.05,23.7138,0,99,67,61,1890,6801,4.22443,226,13.6108,0,0,4674,70972088871
128.139,7.80405,24.0547,0,99,67,61,1890,6801,4.22443,226,13.61,0,0,4667,71072178736
129.269,7.73582,24.0547,0,99,67,61,1890,6801,4.22443,226,13.61,0,0,4667,71172266190
139.843,7.15088,24.0547,0,99,67,61,1890,6801,4.22443,226,13.61,0,0,4667,71272387035
114.889,8.70408,24.0547,0,99,67,61,1890,6801,4.22443,226,13.61,0,0,4667,71372471579
125.696,7.9557,24.0547,0,99,67,61,1890,6801,4.22443,226,13.61,0,0,4667,71472559264
146.488,6.82649,24.0547,0,99,67,61,1890,6801,4.22443,226,13.61,0,0,4667,71572648418
126.906,7.87983,26.7091,0,99,67,61,1890,6801,4.24864,226,13.6108,0,0,4647,71672743693
99.9399,10.006,26.7091,0,99,67,61,1890,6801,4.24864,226,13.6108,0,0,4647,71772829197
91.6869,10.9067,26.7091,0,99,67,61,1890,6801,4.24864,226,13.6108,0,0,4647,71872920932
94.2242,10.613,26.7091,0,99,67,61,1890,6801,4.24864,226,13.6108,0,0,4647,71973016866
117.695,8.49656,28.4916,0,99,67,61,1890,6801,4.24864,226,13.5983,0,0,4650,72073110551
85.8165,11.6528,28.4916,0,99,67,61,1890,6801,4.24864,226,13.5983,0,0,4650,72173265635
126.666,7.89479,28.4916,0,99,67,61,1890,6801,4.24864,226,13.5983,0,0,4650,72273366700
157.057,6.36711,28.4916,0,99,67,61,1890,6801,4.24864,226,13.5983,0,0,4650,72373461304
119.058,8.39925,28.4916,0,99,67,61,1890,6801,4.24864,226,13.5983,0,0,4650,72473547289
159.583,6.26634,25.5777,0,96,67,60,1890,6801,4.25177,223,13.5981,0,0,4648,72573636613
195.255,5.12152,25.5777,0,96,67,60,1890,6801,4.25177,223,13.5981,0,0,4648,72673725167
142.408,7.02208,25.5777,0,96,67,60,1890,6801,4.25177,223,13.5981,0,0,4648,72773811222
177.698,5.62754,25.5777,0,96,67,60,1890,6801,4.25177,223,13.5981,0,0,4648,72873894836
138.209,7.23542,25.5777,0,96,67,60,1890,6801,4.25177,223,13.5981,0,0,4648,72973987571
149.119,6.70606,23.8019,0,92,67,60,1890,6801,4.25421,217,13.5766,0,0,4699,73074101025
143.995,6.9447,23.8019,0,92,67,60,1890,6801,4.25421,217,13.5766,0,0,4699,73174182880
220.183,4.54168,23.8019,0,92,67,60,1890,6801,4.25421,217,13.5766,0,0,4699,73274271984
128.725,7.76847,23.8019,0,92,67,60,1890,6801,4.25421,217,13.5766,0,0,4699,73374379269
160.774,6.21992,23.8019,0,92,67,60,1890,6801,4.25421,217,13.5766,0,0,4699,73474496653
161.451,6.19383,23.8019,0,92,67,60,1890,6801,4.25421,217,13.5766,0,0,4699,73574581218
155.234,6.44189,22.3193,0,98,67,60,1890,6801,4.2549,216,13.5792,0,0,4675,73674665082
147.251,6.79112,22.3193,0,98,67,60,1890,6801,4.2549,216,13.5792,0,0,4675,73774767337
140.262,7.12953,22.3193,0,98,67,60,1890,6801,4.2549,216,13.5792,0,0,4675,73874859001
143.998,6.94453,22.3193,0,98,67,60,1890,6801,4.2549,216,13.5792,0,0,4675,73974945816
178.915,5.58925,23.8782,0,99,67,61,1890,6801,4.24445,223,13.578,0,0,4714,74075064040
149.221,6.70145,23.8782,0,99,67,61,1890,6801,4.24445,223,13.578,0,0,4714,74175186885
153.709,6.50581,23.8782,0,99,67,61,1890,6801,4.24445,223,13.578,0,0,4714,74275279719
149.474,6.69013,23.8782,0,99,67,61,1890,6801,4.24445,223,13.578,0,0,4714,74375367154
156.883,6.37417,23.8782,0,99,67,61,1890,6801,4.24445,223,13.578,0,0,4714,74475457838
158.149,6.32316,22.3473,0,95,67,60,1890,6801,4.24396,226,13.5789,0,0,4649,74575550083
158.416,6.31251,22.3473,0,95,67,60,1890,6801,4.24396,226,13.5789,0,0,4649,74675651167
140.432,7.1209,22.3473,0,95,67,60,1890,6801,4.24396,226,13.5789,0,0,4649,74775766772
190.4,5.25211,22.3473,0,95,67,60,1890,6801,4.24396,226,13.5789,0,0,4649,74875850906
157.883,6.33382,22.3473,0,95,67,60,1890,6801,4.24396,226,13.5789,0,0,4649,74975936341
133.942,7.46593,22.0447,0,97,67,60,1890,6801,4.24396,219,13.5795,0,0,4719,75076025365
162.675,6.14721,22.0447,0,97,67,60,1890,6801,4.24396,219,13.5795,0,0,4719,75176137650
137.179,7.28974,22.0447,0,97,67,60,1890,6801,4.24396,219,13.5795,0,0,4719,75276222974
168.512,5.9343,22.0447,0,97,67,60,1890,6801,4.24396,219,13.5795,0,0,4719,75376302679
166.644,6.00083,22.0447,0,97,67,60,1890,6801,4.24396,219,13.5795,0,0,4719,75476405043
163.557,6.11408,22.0447,0,97,67,60,1890,6801,4.24396,219,13.5795,0,0,4719,75576504488
134.042,7.46035,23.9709,0,98,67,61,1890,6801,4.26427,218,13.6092,0,0,4615,75676595392
141.503,7.06698,23.9709,0,98,67,61,1890,6801,4.26427,218,13.6092,0,0,4615,75776708127
164.47,6.08013,23.9709,0,98,67,61,1890,6801,4.26427,218,13.6092,0,0,4615,75876798081
140.566,7.1141,23.9709,0,98,67,61,1890,6801,4.26427,218,13.6092,0,0,4615,75976888176
157.791,6.3375,22.1777,0,41,67,57,1890,6801,4.24279,203,13.6098,0,0,4695,76076974370
131.271,7.61785,22.1777,0,41,67,57,1890,6801,4.24279,203,13.6098,0,0,4695,76177014885
141.395,7.07237,22.1777,0,41,67,57,1890,6801,4.24279,203,13.6098,0,0,4695,76277086939
148.641,6.7276,22.1777,0,41,67,57,1890,6801,4.24279,203,13.6098,0,0,4695,76377180834
148.581,6.73033,22.1777,0,41,67,57,1890,6801,4.24279,203,13.6098,0,0,4695,76477274438
165.097,6.05705,22.1246,0,41,67,57,1890,6801,4.24279,203,13.621,0,0,4625,76577395643
163.171,6.12853,22.1246,0,41,67,57,1890,6801,4.24279,203,13.621,0,0,4625,76677489947
131.419,7.60925,22.1246,0,41,67,57,1890,6801,4.24279,203,13.621,0,0,4625,76777584702
102.18,9.78661,22.1246,0,41,67,57,1890,6801,4.24279,203,13.621,0,0,4625,76877678746
166.025,6.0232,22.1246,0,41,67,57,1890,6801,4.24279,203,13.621,0,0,4625,76977797560
123.871,8.07289,22.5678,0,98,67,60,1890,6801,4.22999,198,13.6283,0,0,4699,77077907775
153.089,6.53214,22.5678,0,98,67,60,1890,6801,4.22999,198,13.6283,0,0,4699,77178009779
151.991,6.57932,22.5678,0,98,67,60,1890,6801,4.22999,198,13.6283,0,0,4699,77278101514
149.103,6.70679,22.5678,0,98,67,60,1890,6801,4.22999,198,13.6283,0,0,4699,77378189278
143.432,6.97194,22.5678,0,98,67,60,1890,6801,4.22999,198,13.6283,0,0,4699,77478277553
181.114,5.5214,22.5678,0,98,67,60,1890,6801,4.22999,198,13.6283,0,0,4699,77578379657
156.421,6.393,23.591,0,93,66,60,1890,6801,4.24054,212,13.6269,0,0,4629,77678500032
158.24,6.31953,23.591,0,93,66,60,1890,6801,4.24054,212,13.6269,0,0,4629,77778616556
198.519,5.03731,23.591,0,93,66,60,1890,6801,4.24054,212,13.6269,0,0,4629,77878705201
175.073,5.71189,23.591,0,93,66,60,1890,6801,4.24054,212,13.6269,0,0,4629,77978789865
177.628,5.62975,24.1022,0,97,66,60,1890,6801,4.2674,219,13.6271,0,0,4647,78078872170
145.634,6.86652,24.1022,0,97,66,60,1890,6801,4.2674,219,13.6271,0,0,4647,78178963034
136.699,7.31535,24.1022,0,97,66,60,1890,6801,4.2674,219,13.6271,0,0,4647,78279050669
121.513,8.22956,24.1022,0,97,66,60,1890,6801,4.2674,219,13.6271,0,0,4647,78379121863
138.295,7.23093,24.1022,0,97,66,60,1890,6801,4.2674,219,13.6271,0,0,4647,78479236378
136.677,7.31654,26.0663,0,99,66,61,1890,6801,4.2923,223,13.6355,0,0,4724,78579329312
146.987,6.80333,26.0663,0,99,66,61,1890,6801,4.2923,223,13.6355,0,0,4724,78679412097
137.71,7.26164,26.0663,0,99,66,61,1890,6801,4.2923,223,13.6355,0,0,4724,78779506111
134.623,7.42816,26.0663,0,99,66,61,1890,6801,4.2923,223,13.6355,0,0,4724,78879588926
154.004,6.49333,26.0663,0,99,66,61,1890,6801,4.2923,223,13.6355,0,0,4724,78979669140
151.91,6.58286,25.5183,0,97,66,60,1890,6801,4.3006,220,13.6505,0,0,4646,79079716795
147.046,6.80058,25.5183,0,97,66,60,1890,6801,4.3006,220,13.6505,0,0,4646,79179805449
121.545,8.22741,25.5183,0,97,66,60,1890,6801,4.3006,220,13.6505,0,0,4646,79279898204
156.201,6.40201,25.5183,0,97,66,60,1890,6801,4.3006,220,13.6505,0,0,4646,79379987968
118.559,8.43465,25.5183,0,97,66,60,1890,6801,4.3006,220,13.6505,0,0,4646,79480076473
133.605,7.48474,25.5183,0,97,66,60,1890,6801,4.3006,220,13.6505,0,0,4646,79580143017
172.201,5.80717,21.8225,0,93,65,60,1890,6801,4.24825,210,13.6506,0,0,4700,79680232712
158.698,6.30129,21.8225,0,93,65,60,1890,6801,4.24825,210,13.6506,0,0,4700,79780322586
119.068,8.39858,21.8225,0,93,65,60,1890,6801,4.24825,210,13.6506,0,0,4700,79880428561
166.312,6.0128,21.8225,0,93,65,60,1890,6801,4.24825,210,13.6506,0,0,4700,79980530295
133.815,7.47303,21.8225,0,93,65,60,1890,6801,4.24825,210,13.6506,0,0,4700,80080666770
150.13,6.66088,23.8395,0,96,65,60,1890,6801,4.23419,206,13.6504,0,0,4709,80180776144
120.295,8.31292,23.8395,0,96,65,60,1890,6801,4.23419,206,13.6504,0,0,4709,80280861759
130.153,7.68326,23.8395,0,96,65,60,1890,6801,4.23419,206,13.6504,0,0,4709,80380953853
147.126,6.79689,23.8395,0,96,65,60,1890,6801,4.23419,206,13.6504,0,0,4709,80481051338
141.278,7.07825,23.8395,0,96,65,60,1890,6801,4.23419,206,13.6504,0,0,4709,80581170112
146.807,6.81166,26.9293,0,98,65,60,1890,6801,4.25128,216,13.6675,0,0,4625,80681283137
145.417,6.87677,26.9293,0,98,65,60,1890,6801,4.25128,216,13.6675,0,0,4625,80781381011
136.993,7.29967,26.9293,0,98,65,60,1890,6801,4.25128,216,13.6675,0,0,4625,80881477736
99.9026,10.0097,26.9293,0,98,65,60,1890,6801,4.25128,216,13.6675,0,0,4625,80981595990
76.4128,13.0868,26.9293,0,98,65,60,1890,6801,4.25128,216,13.6675,0,0,4625,81081686834
134.275,7.44743,26.5563,0,97,65,59,1890,6801,4.25372,202,13.6713,0,0,4700,81181777409
152.255,6.56791,26.5563,0,97,65,59,1890,6801,4.25372,202,13.6713,0,0,4700,81281860713
112.073,8.92275,26.5563,0,97,65,59,1890,6801,4.25372,202,13.6713,0,0,4700,81381962998
122.971,8.13201,26.5563,0,97,65,59,1890,6801,4.25372,202,13.6713,0,0,4700,81482043562
112.404,8.89652,26.5563,0,97,65,59,1890,6801,4.25372,202,13.6713,0,0,4700,81582128827
133.452,7.49333,26.5563,0,97,65,59,1890,6801,4.25372,202,13.6713,0,0,4700,81682242501
122.589,8.15733,28.0285,0,96,67,60,1890,6801,4.25372,204,13.6743,0,0,4649,81782342986
166.131,6.01934,28.0285,0,96,67,60,1890,6801,4.25372,204,13.6743,0,0,4649,81882442440
164.404,6.08257,28.0285,0,96,67,60,1890,6801,4.25372,204,13.6743,0,0,4649,81982518185
103.601,9.65244,28.0285,0,96,67,60,1890,6801,4.25372,204,13.6743,0,0,4649,82082604959
149.016,6.71067,26.5127,0,96,67,60,1890,6801,4.25372,204,13.6784,0,0,4650,82182690324
134.343,7.44361,26.5127,0,96,67,60,1890,6801,4.25372,204,13.6784,0,0,4650,82282778788
166.333,6.01205,26.5127,0,96,67,60,1890,6801,4.25372,204,13.6784,0,0,4650,82382868713
132.506,7.54682,26.5127,0,96,67,60,1890,6801,4.25372,204,13.6784,0,0,4650,82482959247
146.598,6.82139,26.5127,0,96,67,60,1890,6801,4.25372,204,13.6784,0,0,4650,82583044212
137.417,7.27714,24.8815,0,91,67,60,1890,6801,4.24786,213,13.6828,0,0,4700,82683105246
166.261,6.01465,24.8815,0,91,67,60,1890,6801,4.24786,213,13.6828,0,0,4700,82783196611
178.514,5.60179,24.8815,0,91,67,60,1890,6801,4.24786,213,13.6828,0,0,4700,82883282295
159.736,6.26033,24.8815,0,91,67,60,1890,6801,4.24786,213,13.6828,0,0,4700,82983370630
193.722,5.16205,24.8815,0,91,67,60,1890,6801,4.24786,213,13.6828,0,0,4700,83083473724
167.686,5.96353,22.1781,0,99,67,61,1890,6801,4.26212,214,13.686,0,0,4650,83183534419
142.587,7.01324,22.1781,0,99,67,61,1890,6801,4.26212,214,13.686,0,0,4650,83283589153
138.762,7.20659,22.1781,0,99,67,61,1890,6801,4.26212,214,13.686,0,0,4650,83383706388
164.062,6.09526,22.1781,0,99,67,61,1890,6801,4.26212,214,13.686,0,0,4650,83483824082
167.578,5.96736,22.1781,0,99,67,61,1890,6801,4.26212,214,13.686,0,0,4650,83583938507
169.6,5.89623,22.1781,0,99,67,61,1890,6801,4.26212,214,13.686,0,0,4650,83684029531
144.321,6.929,22.7057,0,99,66,61,1890,6801,4.26486,221,13.687,0,0,4663,83784143816
174.004,5.74698,22.7057,0,99,66,61,1890,6801,4.26486,221,13.687,0,0,4663,83884216810
145.263,6.88406,22.7057,0,99,66,61,1890,6801,4.26486,221,13.687,0,0,4663,83984303515
132.815,7.52927,22.7057,0,99,66,61,1890,6801,4.26486,221,13.687,0,0,4663,84084389999
147.288,6.78944,27.94,0,99,66,61,1890,6801,4.29669,224,13.6861,0,0,4630,84184484044
172.513,5.79667,27.94,0,99,66,61,1890,6801,4.29669,224,13.6861,0,0,4630,84284555398
178.856,5.5911,27.94,0,99,66,61,1890,6801,4.29669,224,13.6861,0,0,4630,84384643833
151.865,6.5848,27.94,0,99,66,61,1890,6801,4.29669,224,13.6861,0,0,4630,84484740397
170.395,5.86873,27.94,0,99,66,61,1890,6801,4.29669,224,13.6861,0,0,4630,84584877672
158.461,6.31072,22.8868,0,99,66,61,1890,6801,4.28947,223,13.6914,0,0,4650,84684965916
199.088,5.0229,22.8868,0,99,66,61,1890,6801,4.28947,223,13.6914,0,0,4650,84785050161
141.579,7.0632,22.8868,0,99,66,61,1890,6801,4.28947,223,13.6914,0,0,4650,84885131865
162.685,6.14684,22.8868,0,99,66,61,1890,6801,4.28947,223,13.6914,0,0,4650,84985218640
151.91,6.58285,22.8868,0,99,66,61,1890,6801,4.28947,223,13.6914,0,0,4650,85085317364
175.732,5.69048,21.643,0,99,66,61,1890,6801,4.28956,220,13.6918,0,0,4650,85185408549
152.681,6.54959,21.643,0,99,66,61,1890,6801,4.28956,220,13.6918,0,0,4650,85285499963
140.621,7.11134,21.643,0,99,66,61,1890,6801,4.28956,220,13.6918,0,0,4650,85385587758
200.977,4.9757,21.643,0,99,66,61,1890,6801,4.28956,220,13.6918,0,0,4650,85485673522
140.541,7.11537,21.643,0,99,66,61,1890,6801,4.28956,220,13.6918,0,0,4650,85585765576
141.093,7.08755,21.643,0,99,66,61,1890,6801,4.28956,220,13.6918,0,0,4650,85685860831
115.273,8.67509,27.5835,0,99,67,61,1890,6801,4.29669,221,13.6918,0,0,4639,85785945445
146.578,6.8223,27.5835,0,99,67,61,1890,6801,4.29669,221,13.6918,0,0,4639,85886029720
135.866,7.36022,27.5835,0,99,67,61,1890,6801,4.29669,221,13.6918,0,0,4639,85986142794
177.18,5.64399,27.5835,0,99,67,61,1890,6801,4.29669,221,13.6918,0,0,4639,86086279799
140.778,7.1034,30.3272,0,98,67,60,1890,6801,4.29669,219,13.6969,0,0,4620,86186373323
121.166,8.25312,30.3272,0,98,67,60,1890,6801,4.29669,219,13.6969,0,0,4620,86286474818
131.02,7.6324,30.3272,0,98,67,60,1890,6801,4.29669,219,13.6969,0,0,4620,86386579702
138.593,7.21536,30.3272,0,98,67,60,1890,6801,4.29669,219,13.6969,0,0,4620,86486710527
143.958,6.94646,30.3272,0,98,67,60,1890,6801,4.29669,219,13.6969,0,0,4620,86586806451
120.003,8.33314,28.0952,0,98,67,60,1890,6801,4.25216,219,13.7031,0,0,4649,86686923896
96.4751,10.3654,28.0952,0,98,67,60,1890,6801,4.25216,219,13.7031,0,0,4649,86787033390
154.447,6.4747,28.0952,0,98,67,60,1890,6801,4.25216,219,13.7031,0,0,4649,86887126075
143.503,6.9685,28.0952,0,98,67,60,1890,6801,4.25216,219,13.7031,0,0,4649,86987236339
135.078,7.40311,28.0952,0,98,67,60,1890,6801,4.25216,219,13.7031,0,0,4649,87087336524
100.008,9.99917,23.7113,0,99,67,61,1890,6801,4.24982,221,13.7021,0,0,4624,87187424998
97.9298,10.2114,23.7113,0,99,67,61,1890,6801,4.24982,221,13.7021,0,0,4624,87287518873
125.831,7.9472,23.7113,0,99,67,61,1890,6801,4.24982,221,13.7021,0,0,4624,87387643317
138.609,7.21456,23.7113,0,99,67,61,1890,6801,4.24982,221,13.7021,0,0,4624,87487757692
172.763,5.78829,23.7113,0,99,67,61,1890,6801,4.24982,221,13.7021,0,0,4624,87587886116
121.654,8.22006,23.7113,0,99,67,61,1890,6801,4.24982,221,13.7021,0,0,4624,87688008361
127.597,7.8372,26.9261,0,99,67,61,1890,6801,4.24982,224,13.7026,0,0,4672,87788102875
119.337,8.3796,26.9261,0,99,67,61,1890,6801,4.24982,224,13.7026,0,0,4672,87888196930
125.691,7.95604,26.9261,0,99,67,61,1890,6801,4.24982,224,13.7026,0,0,4672,87988289544
136.286,7.3375,26.9261,0,99,67,61,1890,6801,4.24982,224,13.7026,0,0,4672,88088378519
154.24,6.4834,26.7673,0,99,67,61,1890,6801,4.24982,224,13.7032,0,0,4652,88188501213
161.857,6.17829,26.7673,0,99,67,61,1890,6801,4.24982,224,13.7032,0,0,4652,88288590128
138.954,7.19665,26.7673,0,99,67,61,1890,6801,4.24982,224,13.7032,0,0,4652,88388679662
131.997,7.57592,26.7673,0,99,67,61,1890,6801,4.24982,224,13.7032,0,0,4652,88488766237
123.372,8.1056,26.7673,0,99,67,61,1890,6801,4.24982,224,13.7032,0,0,4652,88588889811
147.553,6.77722,25.0199,0,99,67,61,1890,6801,4.24982,227,13.703,0,0,4650,88688978926
140.79,7.10277,25.0199,0,99,67,61,1890,6801,4.24982,227,13.703,0,0,4650,88789062180
184.187,5.42928,25.0199,0,99,67,61,1890,6801,4.24982,227,13.703,0,0,4650,88889155905
117.573,8.50535,25.0199,0,99,67,61,1890,6801,4.24982,227,13.703,0,0,4650,88989269099
151.803,6.5875,25.0199,0,99,67,61,1890,6801,4.24982,227,13.703,0,0,4650,89089357404
117.034,8.54453,24.4444,0,99,67,61,1890,6801,4.24982,226,13.7037,0,0,4660,89189445708
112.799,8.86536,24.4444,0,99,67,61,1890,6801,4.24982,226,13.7037,0,0,4660,89289572682
106.524,9.38759,24.4444,0,99,67,61,1890,6801,4.24982,226,13.7037,0,0,4660,89389659437
157.031,6.36817,24.4444,0,99,67,61,1890,6801,4.24982,226,13.7037,0,0,4660,89489777121
151.831,6.58627,24.4444,0,99,67,61,1890,6801,4.24982,226,13.7037,0,0,4660,89589883936
149.174,6.70357,24.4444,0,99,67,61,1890,6801,4.24982,226,13.7037,0,0,4660,89689975040
149.184,6.70315,24.4604,0,98,66,61,1890,6801,4.24982,225,13.7038,0,0,4666,89790035575
139.145,7.18673,24.4604,0,98,66,61,1890,6801,4.24982,225,13.7038,0,0,4666,89890148629
158.773,6.29832,24.4604,0,98,66,61,1890,6801,4.24982,225,13.7038,0,0,4666,89990241664
123.228,8.11502,24.4604,0,98,66,61,1890,6801,4.24982,225,13.7038,0,0,4666,90090322528
140.812,7.10165,24.4604,0,98,66,61,1890,6801,4.24982,225,13.7038,0,0,4666,90190408563
123.061,8.12602,23.6967,0,98,66,62,1890,6801,4.24982,226,13.7041,0,0,4675,90290499267
131.066,7.62977,23.6967,0,98,66,62,1890,6801,4.24982,226,13.7041,0,0,4675,90390639782
170.883,5.85196,23.6967,0,98,66,62,1890,6801,4.24982,226,13.7041,0,0,4675,90490732586
141.114,7.08649,23.6967,0,98,66,62,1890,6801,4.24982,226,13.7041,0,0,4675,90590818281
129.605,7.71576,23.6967,0,98,66,62,1890,6801,4.24982,226,13.7041,0,0,4675,90690907295
126.274,7.91927,26.8215,0,99,66,62,1890,6801,4.24982,227,13.6953,0,0,4651,90791004410
110.012,9.08989,26.8215,0,99,66,62,1890,6801,4.24982,227,13.6953,0,0,4651,90891092414
150.079,6.66316,26.8215,0,99,66,62,1890,6801,4.24982,227,13.6953,0,0,4651,90991183999
123.586,8.09154,26.8215,0,99,66,62,1890,6801,4.24982,227,13.6953,0,0,4651,91091279473
127.459,7.84568,26.8215,0,99,66,62,1890,6801,4.24982,227,13.6953,0,0,4651,91191343888
122.958,8.13288,23.84,0,95,66,61,1890,6801,4.24982,226,13.6946,0,0,4625,91291436562
158.199,6.32115,23.84,0,95,66,61,1890,6801,4.24982,226,13.6946,0,0,4625,91391543277
192.748,5.18813,23.84,0,95,66,61,1890,6801,4.24982,226,13.6946,0,0,4625,91491642031
135.899,7.35843,23.84,0,95,66,61,1890,6801,4.24982,226,13.6946,0,0,4625,91591724086
123.382,8.10489,23.84,0,95,66,61,1890,6801,4.24982,226,13.6946,0,0,4625,91691816210
139.808,7.15266,23.1265,0,99,65,62,1890,6801,4.23585,225,13.695,0,0,4700,91791911345
131.673,7.59459,23.1265,0,99,65,62,1890,6801,4.23585,225,13.695,0,0,4700,91891996929
170.017,5.88177,23.1265,0,99,65,62,1890,6801,4.23585,225,13.695,0,0,4700,91992094404
131.647,7.5961,23.1265,0,99,65,62,1890,6801,4.23585,225,13.695,0,0,4700,92092190328
125.376,7.97599,23.1265,0,99,65,62,1890,6801,4.23585,225,13.695,0,0,4700,92192321733
156.848,6.37561,22.5935,0,99,65,62,1890,6801,4.23419,224,13.6942,0,0,4660,92292422247
159.767,6.25913,22.5935,0,99,65,62,1890,6801,4.23419,224,13.6942,0,0,4660,92392508172
131.914,7.58072,22.5935,0,99,65,62,1890,6801,4.23419,224,13.6942,0,0,4660,92492595826
143.246,6.98101,22.5935,0,99,65,62,1890,6801,4.23419,224,13.6942,0,0,4660,92592686741
162.013,6.17233,22.5935,0,99,65,62,1890,6801,4.23419,224,13.6942,0,0,4660,92692769315
164.042,6.096,21.7949,0,99,65,62,1890,6801,4.25372,223,13.6956,0,0,4624,92792815140
156.098,6.40625,21.7949,0,99,65,62,1890,6801,4.25372,223,13.6956,0,0,4624,92892897654
147.31,6.7884,21.7949,0,99,65,62,1890,6801,4.25372,223,13.6956,0,0,4624,92992985509
152.219,6.56948,21.7949,0,99,65,62,1890,6801,4.25372,223,13.6956,0,0,4624,93093074773
162.206,6.165,21.7949,0,99,65,62,1890,6801,4.25372,223,13.6956,0,0,4624,93193162988
190.423,5.25146,19.3191,0,99,65,62,1890,6801,4.25372,223,13.6943,0,0,4649,93293252772
220.938,4.52616,19.3191,0,99,65,62,1890,6801,4.25372,223,13.6943,0,0,4649,93393337447
160.873,6.21608,19.3191,0,99,65,62,1890,6801,4.25372,223,13.6943,0,0,4649,93493377041
169.304,5.90654,19.3191,0,99,65,62,1890,6801,4.25372,223,13.6943,0,0,4649,93593461216
157.102,6.3653,19.3191,0,99,65,62,1890,6801,4.25372,223,13.6943,0,0,4649,93693552390
153.48,6.5155,19.7273,0,98,65,61,1890,6801,4.24913,223,13.6987,0,0,4688,93793645164
158.119,6.32434,19.7273,0,98,65,61,1890,6801,4.24913,223,13.6987,0,0,4688,93893739309
161.296,6.1998,19.7273,0,98,65,61,1890,6801,4.24913,223,13.6987,0,0,4688,93993878383
168.379,5.93897,19.7273,0,98,65,61,1890,6801,4.24913,223,13.6987,0,0,4688,94093969638
165.534,6.04104,19.7273,0,98,65,61,1890,6801,4.24913,223,13.6987,0,0,4688,94194054902
167.069,5.98555,18.9833,0,98,65,61,1890,6801,4.24913,223,13.6998,0,0,4698,94294139697
161.8,6.18048,18.9833,0,98,65,61,1890,6801,4.24913,223,13.6998,0,0,4698,94394229531
169.345,5.9051,18.9833,0,98,65,61,1890,6801,4.24913,223,13.6998,0,0,4698,94494345536
165.339,6.04817,18.9833,0,98,65,61,1890,6801,4.24913,223,13.6998,0,0,4698,94594450100
164.347,6.08469,18.9833,0,98,65,61,1890,6801,4.24913,223,13.6998,0,0,4698,94694536405
195.35,5.11901,14.2857,0,99,65,61,1890,6801,4.28693,223,13.6634,0,0,4734,94794618309
191.715,5.21608,14.2857,0,99,65,61,1890,6801,4.28693,223,13.6634,0,0,4734,94894661984
146.838,6.81022,14.2857,0,99,65,61,1890,6801,4.28693,223,13.6634,0,0,4734,94994746338
165.354,6.04764,14.2857,0,99,65,61,1890,6801,4.28693,223,13.6634,0,0,4734,95094828063
166.023,6.02326,14.2857,0,99,65,61,1890,6801,4.28693,223,13.6634,0,0,4734,95194911497
163.823,6.10414,19.1792,0,92,65,61,1890,6801,4.2838,218,13.6744,0,0,4649,95295025472
171.315,5.83721,19.1792,0,92,65,61,1890,6801,4.2838,218,13.6744,0,0,4649,95395183336
163.905,6.10108,19.1792,0,92,65,61,1890,6801,4.2838,218,13.6744,0,0,4649,95495413141
169.077,5.91446,19.1792,0,92,65,61,1890,6801,4.2838,218,13.6744,0,0,4649,95595501475
169.115,5.91313,19.1792,0,92,65,61,1890,6801,4.2838,218,13.6744,0,0,4649,95695588440
189.409,5.27957,19.1792,0,92,65,61,1890,6801,4.2838,218,13.6744,0,0,4649,95795674304
137.762,7.25891,19.4255,0,95,66,59,1890,6801,4.28458,198,13.6574,0,0,4750,95895765099
159.433,6.27222,19.4255,0,95,66,59,1890,6801,4.28458,198,13.6574,0,0,4750,95995864013
252.84,3.95507,19.4255,0,95,66,59,1890,6801,4.28458,198,13.6574,0,0,4750,96095992168
94.9781,10.5287,19.4255,0,95,66,59,1890,6801,4.28458,198,13.6574,0,0,4750,96196088432
142.611,7.01208,23.8321,0,91,66,59,1890,6801,4.28693,186,13.6652,0,0,4667,96296189997
110.976,9.01095,23.8321,0,91,66,59,1890,6801,4.28693,186,13.6652,0,0,4667,96396270851
570.285,1.75351,23.8321,0,91,66,59,1890,6801,4.28693,186,13.6652,0,0,4667,96496356666
126.271,7.91947,23.8321,0,91,66,59,1890,6801,4.28693,186,13.6652,0,0,4667,96596429240
142.935,6.99618,23.8321,0,91,66,59,1890,6801,4.28693,186,13.6652,0,0,4667,96696513915
133.238,7.50538,23.92,0,96,66,60,1890,6801,4.29103,196,13.6674,0,0,4679,96796599479
122.477,8.16479,23.92,0,96,66,60,1890,6801,4.29103,196,13.6674,0,0,4679,96896692334
97.6209,10.2437,23.92,0,96,66,60,1890,6801,4.29103,196,13.6674,0,0,4679,96996770748
134.477,7.43624,23.92,0,96,66,60,1890,6801,4.29103,196,13.6674,0,0,4679,97096859623
136.425,7.33001,23.92,0,96,66,60,1890,6801,4.29103,196,13.6674,0,0,4679,97196959157
136.976,7.30054,24.0316,0,84,66,60,1890,6801,4.28868,197,13.6689,0,0,4625,97297074062
177.304,5.64003,24.0316,0,84,66,60,1890,6801,4.28868,197,13.6689,0,0,4625,97397165526
100.136,9.98638,24.0316,0,84,66,60,1890,6801,4.28868,197,13.6689,0,0,4625,97497260561
128.302,7.79414,24.0316,0,84,66,60,1890,6801,4.28868,197,13.6689,0,0,4625,97597345035
125.303,7.98066,24.0316,0,84,66,60,1890,6801,4.28868,197,13.6689,0,0,4625,97697434850
176.076,5.67937,24.0316,0,84,66,60,1890,6801,4.28868,197,13.6689,0,0,4625,97797544664
137.229,7.28708,23.9526,0,94,65,60,1890,6801,4.24991,201,13.6782,0,0,4650,97897658948
129.105,7.74566,23.9526,0,94,65,60,1890,6801,4.24991,201,13.6782,0,0,4650,97997758203
109.264,9.15214,23.9526,0,94,65,60,1890,6801,4.24991,201,13.6782,0,0,4650,98097880387
139.748,7.15574,23.9526,0,94,65,60,1890,6801,4.24991,201,13.6782,0,0,4650,98197968382
128.293,7.79464,23.6926,0,91,65,60,1890,6801,4.23937,202,13.6784,0,0,4689,98298069616
110.326,9.06407,23.6926,0,91,65,60,1890,6801,4.23937,202,13.6784,0,0,4689,98398163771
123.944,8.06819,23.6926,0,91,65,60,1890,6801,4.23937,202,13.6784,0,0,4689,98498257145
112.098,8.92077,23.6926,0,91,65,60,1890,6801,4.23937,202,13.6784,0,0,4689,98598345700
124.136,8.05571,23.6926,0,91,65,60,1890,6801,4.23937,202,13.6784,0,0,4689,98698440234
140.647,7.10998,24.1653,0,99,65,61,1890,6801,4.23907,208,13.6781,0,0,4631,98798528169
161.683,6.18493,24.1653,0,99,65,61,1890,6801,4.23907,208,13.6781,0,0,4631,98898615913
149.187,6.70298,24.1653,0,99,65,61,1890,6801,4.23907,208,13.6781,0,0,4631,98998735158
103.122,9.69724,24.1653,0,99,65,61,1890,6801,4.23907,208,13.6781,0,0,4631,99098882892
124.394,8.03895,24.1653,0,99,65,61,1890,6801,4.23907,208,13.6781,0,0,4631,99198994277
120.8,8.27818,22.1514,0,99,65,61,1890,6801,4.23907,208,13.6793,0,0,4641,99299088961
106.787,9.3644,22.1514,0,99,65,61,1890,6801,4.23907,208,13.6793,0,0,4641,99399194686
113.235,8.83117,22.1514,0,99,65,61,1890,6801,4.23907,208,13.6793,0,0,4641,99499322430
106.244,9.41227,22.1514,0,99,65,61,1890,6801,4.23907,208,13.6793,0,0,4641,99599422905
137.313,7.28263,22.1514,0,99,65,61,1890,6801,4.23907,208,13.6793,0,0,4641,99699522719
103.863,9.62804,22.1514,0,99,65,61,1890,6801,4.23907,208,13.6793,0,0,4641,99799608104
104.638,9.55672,27.8662,0,99,66,61,1890,6801,4.23615,220,13.6911,0,0,4600,99899689958
95.2204,10.5019,27.8662,0,99,66,61,1890,6801,4.23615,220,13.6911,0,0,4600,99999801103
108.176,9.24419,27.8662,0,99,66,61,1890,6801,4.23615,220,13.6911,0,0,4600,100099886647
99.7262,10.0275,27.8662,0,99,66,61,1890,6801,4.23615,220,13.6911,0,0,4600,100199951302
103.316,9.67909,25.1592,0,99,66,61,1890,6801,4.23615,220,13.7052,0,0,4656,100300041786
131.233,7.62003,25.1592,0,99,66,61,1890,6801,4.23615,220,13.7052,0,0,4656,100400162331
189.431,5.27898,25.1592,0,99,66,61,1890,6801,4.23615,220,13.7052,0,0,4656,100500342795
137.562,7.26946,25.1592,0,99,66,61,1890,6801,4.23615,220,13.7052,0,0,4656,100600429940
124.887,8.00721,25.1592,0,99,66,61,1890,6801,4.23615,220,13.7052,0,0,4656,100700502454
147.46,6.7815,23.6696,0,99,66,61,1890,6801,4.23615,220,13.6769,0,0,4656,100800604259
145.739,6.86159,23.6696,0,99,66,61,1890,6801,4.23615,220,13.6769,0,0,4656,100900691593
159.517,6.26893,23.6696,0,99,66,61,1890,6801,4.23615,220,13.6769,0,0,4656,101000791818
123.112,8.12268,23.6696,0,99,66,61,1890,6801,4.23615,220,13.6769,0,0,4656,101100883212
149.586,6.68514,23.6696,0,99,66,61,1890,6801,4.23615,220,13.6769,0,0,4656,101200974827
121.506,8.23006,23.6696,0,99,66,61,1890,6801,4.23615,220,13.6769,0,0,4656,101301074551
41.2792,24.2253,23.2355,0,97,66,61,1890,6801,4.23615,219,13.6822,0,0,4612,101401191086
109.954,9.09474,23.2355,0,97,66,61,1890,6801,4.23615,219,13.6822,0,0,4612,101501275690
101.803,9.82288,23.2355,0,97,66,61,1890,6801,4.23615,219,13.6822,0,0,4612,101601385875
108.693,9.20022,23.2355,0,97,66,61,1890,6801,4.23615,219,13.6822,0,0,4612,101701473929
21.9756,45.5049,23.2355,0,97,66,61,1890,6801,4.23615,219,13.6822,0,0,4612,101801515053
216.826,4.61199,24.3178,0,98,67,61,1890,6801,4.24103,218,13.7,0,0,4650,101901595718
98.516,10.1506,24.3178,0,98,67,61,1890,6801,4.24103,218,13.7,0,0,4650,102001678142
101.71,9.83192,24.3178,0,98,67,61,1890,6801,4.24103,218,13.7,0,0,4650,102101780457
122.063,8.19246,24.3178,0,98,67,61,1890,6801,4.24103,218,13.7,0,0,4650,102201866061
101.252,9.87634,24.3178,0,98,67,61,1890,6801,4.24103,218,13.7,0,0,4650,102301954836
143.069,6.98965,23.2243,0,70,67,60,1890,6801,4.267,212,13.7016,0,0,4700,102402044450
115.966,8.62321,23.2243,0,70,67,60,1890,6801,4.267,212,13.7016,0,0,4700,102502133435
131.487,7.60534,23.2243,0,70,67,60,1890,6801,4.267,212,13.7016,0,0,4700,102602223129
132.876,7.5258,23.2243,0,70,67,60,1890,6801,4.267,212,13.7016,0,0,4700,102702309204
108.812,9.19016,23.2243,0,70,67,60,1890,6801,4.267,212,13.7016,0,0,4700,102802511608
113.752,8.79107,22.8753,0,96,67,58,1890,6801,4.31495,208,13.6967,0,0,4656,102902612223
101.534,9.84894,22.8753,0,96,67,58,1890,6801,4.31495,208,13.6967,0,0,4656,103002699127
84.3384,11.857,22.8753,0,96,67,58,1890,6801,4.31495,208,13.6967,0,0,4656,103102793942
93.0714,10.7444,22.8753,0,96,67,58,1890,6801,4.31495,208,13.6967,0,0,4656,103202899116
93.0714,10.7444,22.8753,0,96,67,58,1890,6801,4.31495,208,13.6967,0,0,4656,103302991771
121.335,8.24164,18.5185,0,99,67,61,1890,6801,4.3088,213,13.7117,0,0,4724,103403070635
93.3554,10.7118,18.5185,0,99,67,61,1890,6801,4.3088,213,13.7117,0,0,4724,103503160140
114.285,8.75004,18.5185,0,99,67,61,1890,6801,4.3088,213,13.7117,0,0,4724,103603255504
99.1686,10.0838,18.5185,0,99,67,61,1890,6801,4.3088,213,13.7117,0,0,4724,103703352019
95.2434,10.4994,18.5185,0,99,67,61,1890,6801,4.3088,213,13.7117,0,0,4724,103803447633
95.2434,10.4994,18.5185,0,99,67,61,1890,6801,4.3088,213,13.7117,0,0,4724,103903535448
299.889,3.33457,20.8447,0,99,68,60,1890,6801,4.31613,209,13.7308,0,0,4725,104003626152
176.024,5.68103,20.8447,0,99,68,60,1890,6801,4.31613,209,13.7308,0,0,4725,104103711787
140.368,7.12415,20.8447,0,99,68,60,1890,6801,4.31613,209,13.7308,0,0,4725,104203791701
99.7349,10.0266,20.8447,0,99,68,60,1890,6801,4.31613,209,13.7308,0,0,4725,104303880446
81.5649,12.2602,20.8447,0,99,68,60,1890,6801,4.31613,209,13.7308,0,0,4725,104403968090
127.658,7.83342,23.9968,0,65,68,57,1890,6801,4.31466,183,13.7306,0,0,4725,104504056525
103.863,9.62804,23.9968,0,65,68,57,1890,6801,4.31466,183,13.7306,0,0,4725,104604188209
113.469,8.81295,23.9968,0,65,68,57,1890,6801,4.31466,183,13.7306,0,0,4725,104704324114
146.684,6.8174,23.9968,0,65,68,57,1890,6801,4.31466,183,13.7306,0,0,4725,104804499568
113.703,8.79481,23.9968,0,65,68,57,1890,6801,4.31466,183,13.7306,0,0,4725,104904567003
106.986,9.34702,24.7596,0,63,68,57,1890,6801,4.29923,175,13.7395,0,0,4649,105004662507
116.832,8.5593,24.7596,0,63,68,57,1890,6801,4.29923,175,13.7395,0,0,4649,105104771472
102.277,9.77736,24.7596,0,63,68,57,1890,6801,4.29923,175,13.7395,0,0,4649,105204863936
145.5,6.87287,24.7596,0,63,68,57,1890,6801,4.29923,175,13.7395,0,0,4649,105304971851
112.832,8.86273,24.7596,0,63,68,57,1890,6801,4.29923,175,13.7395,0,0,4649,105405065575
117.986,8.47555,24.7596,0,63,68,57,1890,6801,4.29923,175,13.7395,0,0,4649,105505155860
130.12,7.68524,24.5642,0,95,68,60,1890,6801,4.28351,183,13.7629,0,0,4649,105605276324
112.148,8.91682,24.5642,0,95,68,60,1890,6801,4.28351,183,13.7629,0,0,4649,105705411839
113.133,8.83913,24.5642,0,95,68,60,1890,6801,4.28351,183,13.7629,0,0,4649,105805507643
104.443,9.57458,24.5642,0,95,68,60,1890,6801,4.28351,183,13.7629,0,0,4649,105905580277
123.36,8.10634,25.0987,0,96,68,60,1890,6801,4.28302,203,13.7644,0,0,4618,106005668702
102.587,9.74778,25.0987,0,96,68,60,1890,6801,4.28302,203,13.7644,0,0,4618,106105758516
104.321,9.58577,25.0987,0,96,68,60,1890,6801,4.28302,203,13.7644,0,0,4618,106205846411
97.2761,10.28,25.0987,0,96,68,60,1890,6801,4.28302,203,13.7644,0,0,4618,106305931515
79.9297,12.511,25.0987,0,96,68,60,1890,6801,4.28302,203,13.7644,0,0,4618,106406021680
98.0101,10.203,27.7466,0,96,68,60,1890,6801,4.28302,203,13.7698,0,0,4635,106506111164
112.006,8.92811,27.7466,0,96,68,60,1890,6801,4.28302,203,13.7698,0,0,4635,106606193809
85.1227,11.7477,27.7466,0,96,68,60,1890,6801,4.28302,203,13.7698,0,0,4635,106706281723
113.332,8.82363,27.7466,0,96,68,60,1890,6801,4.28302,203,13.7698,0,0,4635,106806374838
105.876,9.44497,27.7466,0,96,68,60,1890,6801,4.28302,203,13.7698,0,0,4635,106906462032
106.837,9.36007,19.7452,0,98,68,60,1890,6801,4.28302,212,13.7731,0,0,4649,107006545607
110.6,9.04159,19.7452,0,98,68,60,1890,6801,4.28302,212,13.7731,0,0,4649,107106600301
106.667,9.37498,19.7452,0,98,68,60,1890,6801,4.28302,212,13.7731,0,0,4649,107206701026
132.725,7.53437,19.7452,0,98,68,60,1890,6801,4.28302,212,13.7731,0,0,4649,107306783560
96.0249,10.414,19.7452,0,98,68,60,1890,6801,4.28302,212,13.7731,0,0,4649,107406866665
105.079,9.51662,19.7452,0,98,68,60,1890,6801,4.28302,212,13.7731,0,0,4649,107506954209
111.855,8.94011,24.0697,0,99,68,61,1890,6801,4.28302,212,13.7608,0,0,4664,107607062954
116.714,8.56792,24.0697,0,99,68,61,1890,6801,4.28302,212,13.7608,0,0,4664,107707149058
100.212,9.97889,24.0697,0,99,68,61,1890,6801,4.28302,212,13.7608,0,0,4664,107807253393
117.204,8.53216,24.0697,0,99,68,61,1890,6801,4.28302,212,13.7608,0,0,4664,107907341887
103.303,9.68027,20.9302,0,99,68,61,1890,6801,4.24786,214,13.7663,0,0,4748,108007432862
95.7333,10.4457,20.9302,0,99,68,61,1890,6801,4.24786,214,13.7663,0,0,4748,108107547636
85.3341,11.7186,20.9302,0,99,68,61,1890,6801,4.24786,214,13.7663,0,0,4748,108207620521
111.619,8.95908,20.9302,0,99,68,61,1890,6801,4.24786,214,13.7663,0,0,4748,108307732235
122.157,8.18617,20.9302,0,99,68,61,1890,6801,4.24786,214,13.7663,0,0,4748,108407824900
118.306,8.45266,19.6486,0,99,68,61,1890,6801,4.23702,219,13.765,0,0,4692,108507962884
119.331,8.38007,19.6486,0,99,68,61,1890,6801,4.23702,219,13.765,0,0,4692,108608086529
120.217,8.31828,19.6486,0,99,68,61,1890,6801,4.23702,219,13.765,0,0,4692,108708171833
117.244,8.52923,19.6486,0,99,68,61,1890,6801,4.23702,219,13.765,0,0,4692,108808279198
125.144,7.99081,19.6486,0,99,68,61,1890,6801,4.23702,219,13.765,0,0,4692,108908396782
125.055,7.9965,18.2546,0,99,68,61,1890,6801,4.24054,219,13.7658,0,0,4708,109008479747
128.441,7.78569,18.2546,0,99,68,61,1890,6801,4.24054,219,13.7658,0,0,4708,109108575771
129.195,7.74025,18.2546,0,99,68,61,1890,6801,4.24054,219,13.7658,0,0,4708,109208632926
122.993,8.13052,18.2546,0,99,68,61,1890,6801,4.24054,219,13.7658,0,0,4708,109308722790
131.768,7.58908,18.2546,0,99,68,61,1890,6801,4.24054,219,13.7658,0,0,4708,109408837835
137.817,7.25602,18.2546,0,99,68,61,1890,6801,4.24054,219,13.7658,0,0,4708,109508973459
119.954,8.33656,24.0192,0,99,68,61,1890,6801,4.23615,218,13.7689,0,0,4641,109609062594
129.865,7.70028,24.0192,0,99,68,61,1890,6801,4.23615,218,13.7689,0,0,4641,109709152198
126.813,7.88564,24.0192,0,99,68,61,1890,6801,4.23615,218,13.7689,0,0,4641,109809236673
120.116,8.32526,24.0192,0,99,68,61,1890,6801,4.23615,218,13.7689,0,0,4641,109909320277
125.758,7.9518,24.6227,0,99,68,62,1890,6801,4.23615,220,13.7703,0,0,4624,110009401992
123.687,8.08493,24.6227,0,99,68,62,1890,6801,4.23615,220,13.7703,0,0,4624,110109485636
115.16,8.68361,24.6227,0,99,68,62,1890,6801,4.23615,220,13.7703,0,0,4624,110209566130
119.103,8.39607,24.6227,0,99,68,62,1890,6801,4.23615,220,13.7703,0,0,4624,110309663245
133.707,7.47904,24.6227,0,99,68,62,1890,6801,4.23615,220,13.7703,0,0,4624,110409782979
108.165,9.24514,27.4803,0,99,68,61,1890,6801,4.24083,220,13.7793,0,0,4600,110509910374
115.455,8.66142,27.4803,0,99,68,61,1890,6801,4.24083,220,13.7793,0,0,4600,110610006608
115.583,8.65182,27.4803,0,99,68,61,1890,6801,4.24083,220,13.7793,0,0,4600,110710093893
115.066,8.69066,27.4803,0,99,68,61,1890,6801,4.24083,220,13.7793,0,0,4600,110810207807
115.473,8.66006,27.4803,0,99,68,61,1890,6801,4.24083,220,13.7793,0,0,4600,110910295862
111.925,8.93456,22.8639,0,99,68,61,1890,6801,4.23448,217,13.78,0,0,4715,111010394436
116.428,8.58899,22.8639,0,99,68,61,1890,6801,4.23448,217,13.78,0,0,4715,111110491901
99.4317,10.0572,22.8639,0,99,68,61,1890,6801,4.23448,217,13.78,0,0,4715,111210606845
90.502,11.0495,22.8639,0,99,68,61,1890,6801,4.23448,217,13.78,0,0,4715,111310667600
82.406,12.135,22.8639,0,99,68,61,1890,6801,4.23448,217,13.78,0,0,4715,111410774114
133.54,7.48837,22.8639,0,99,68,61,1890,6801,4.23448,217,13.78,0,0,4715,111510862679
116.324,8.5967,22.4152,0,99,68,61,1890,6801,4.24552,214,13.7884,0,0,4661,111610952513
123.866,8.07327,22.4152,0,99,68,61,1890,6801,4.24552,214,13.7884,0,0,4661,111711037498
108.673,9.20194,22.4152,0,99,68,61,1890,6801,4.24552,214,13.7884,0,0,4661,111811131912
105.918,9.44125,22.4152,0,99,68,61,1890,6801,4.24552,214,13.7884,0,0,4661,111911215997
102.577,9.74874,24.7398,0,93,68,61,1890,6801,4.28302,211,13.7975,0,0,4636,112011300441
97.8147,10.2234,24.7398,0,93,68,61,1890,6801,4.28302,211,13.7975,0,0,4636,112111413006
114.664,8.72116,24.7398,0,93,68,61,1890,6801,4.28302,211,13.7975,0,0,4636,112211499700
104.82,9.54014,24.7398,0,93,68,61,1890,6801,4.28302,211,13.7975,0,0,4636,112311585795
132.783,7.53109,24.7398,0,93,68,61,1890,6801,4.28302,211,13.7975,0,0,4636,112411683919
87.7069,11.4016,22.7738,0,93,68,61,1890,6801,4.28302,211,13.8042,0,0,4675,112511774044
115.19,8.68133,22.7738,0,93,68,61,1890,6801,4.28302,211,13.8042,0,0,4675,112611869948
97.1121,10.2974,22.7738,0,93,68,61,1890,6801,4.28302,211,13.8042,0,0,4675,112711959153
103.448,9.66667,22.7738,0,93,68,61,1890,6801,4.28302,211,13.8042,0,0,4675,112812055357
97.2521,10.2826,22.7738,0,93,68,61,1890,6801,4.28302,211,13.8042,0,0,4675,112912145292
125.335,7.97862,20.4344,0,86,68,61,1890,6801,4.28888,207,13.8032,0,0,4723,113012236146
105.699,9.46083,20.4344,0,86,68,61,1890,6801,4.28888,207,13.8032,0,0,4723,113112317871
118.67,8.42674,20.4344,0,86,68,61,1890,6801,4.28888,207,13.8032,0,0,4723,113212401455
113.781,8.78881,20.4344,0,86,68,61,1890,6801,4.28888,207,13.8032,0,0,4723,113312484180
105.253,9.50095,20.4344,0,86,68,61,1890,6801,4.28888,207,13.8032,0,0,4723,113412564234
113.586,8.80393,20.4344,0,86,68,61,1890,6801,4.28888,207,13.8032,0,0,4723,113512645249
104.766,9.5451,19.8413,0,99,67,61,1890,6801,4.25314,207,13.7899,0,0,4645,113612703553
125.147,7.9906,19.8413,0,99,67,61,1890,6801,4.25314,207,13.7899,0,0,4645,113712785938
121.554,8.22678,19.8413,0,99,67,61,1890,6801,4.25314,207,13.7899,0,0,4645,113812867872
111.729,8.95019,19.8413,0,99,67,61,1890,6801,4.25314,207,13.7899,0,0,4645,113912959327
114.928,8.70111,19.4888,0,99,67,61,1890,6801,4.23615,211,13.7921,0,0,4662,114013035151
123.809,8.07698,19.4888,0,99,67,61,1890,6801,4.23615,211,13.7921,0,0,4662,114113118936
130.033,7.69037,19.4888,0,99,67,61,1890,6801,4.23615,211,13.7921,0,0,4662,114213204190
126.99,7.87462,19.4888,0,99,67,61,1890,6801,4.23615,211,13.7921,0,0,4662,114313289215
110.769,9.02778,19.4888,0,99,67,61,1890,6801,4.23615,211,13.7921,0,0,4662,114413373579
99.8133,10.0187,19.4888,0,99,67,61,1890,6801,4.23615,211,13.7921,0,0,4662,114513459743
123.415,8.10276,17.1136,0,99,67,61,1890,6801,4.23615,214,13.7974,0,0,4750,114613550368
122.052,8.1932,17.1136,0,99,67,61,1890,6801,4.23615,214,13.7974,0,0,4750,114713635482
120.244,8.31642,17.1136,0,99,67,61,1890,6801,4.23615,214,13.7974,0,0,4750,114813724557
102.722,9.73499,17.1136,0,99,67,61,1890,6801,4.23615,214,13.7974,0,0,4750,114913829311
118.147,8.464,17.1136,0,99,67,61,1890,6801,4.23615,214,13.7974,0,0,4750,115013917286
113.262,8.82909,22.5261,0,99,67,61,1890,6801,4.23615,214,13.8061,0,0,4643,115114002070
110.546,9.04604,22.5261,0,99,67,61,1890,6801,4.23615,214,13.8061,0,0,4643,115214088585
97.8218,10.2227,22.5261,0,99,67,61,1890,6801,4.23615,214,13.8061,0,0,4643,115314180599
108.254,9.23755,22.5261,0,99,67,61,1890,6801,4.23615,214,13.8061,0,0,4643,115414269534
115.551,8.65417,22.5261,0,99,67,61,1890,6801,4.23615,214,13.8061,0,0,4643,115514390878
128.456,7.78475,25.4574,0,99,67,61,1890,6801,4.26085,214,13.8282,0,0,4612,115614487333
111.343,8.98124,25.4574,0,99,67,61,1890,6801,4.26085,214,13.8282,0,0,4612,115714607037
244.589,4.0885,25.4574,0,99,67,61,1890,6801,4.26085,214,13.8282,0,0,4612,115814709632
106.691,9.37285,25.4574,0,99,67,61,1890,6801,4.26085,214,13.8282,0,0,4612,115914796246
99.5396,10.0463,25.4574,0,99,67,61,1890,6801,4.26085,214,13.8282,0,0,4612,116014891111
96.9477,10.3148,23.8057,0,99,67,61,1890,6801,4.2549,214,13.8331,0,0,4672,116115012795
125.299,7.98094,23.8057,0,99,67,61,1890,6801,4.2549,214,13.8331,0,0,4672,116215118220
111.131,8.99843,23.8057,0,99,67,61,1890,6801,4.2549,214,13.8331,0,0,4672,116315226234
100.55,9.94526,23.8057,0,99,67,61,1890,6801,4.2549,214,13.8331,0,0,4672,116415313939
97.1978,10.2883,23.8057,0,99,67,61,1890,6801,4.2549,214,13.8331,0,0,4672,116515396573
97.7217,10.2331,18.8142,0,99,67,61,1890,6801,4.23615,216,13.8247,0,0,4719,116615478448
98.4321,10.1593,18.8142,0,99,67,61,1890,6801,4.23615,216,13.8247,0,0,4719,116715560922
75.4788,13.2488,18.8142,0,99,67,61,1890,6801,4.23615,216,13.8247,0,0,4719,116815649937
97.298,10.2777,18.8142,0,99,67,61,1890,6801,4.23615,216,13.8247,0,0,4719,116915736981
103.254,9.68481,18.8142,0,99,67,61,1890,6801,4.23615,216,13.8247,0,0,4719,117015826416
120.716,8.28389,17.4018,0,99,67,61,1890,6801,4.23615,218,13.8235,0,0,4650,117115922240
101.609,9.84169,17.4018,0,99,67,61,1890,6801,4.23615,218,13.8235,0,0,4650,117216024485
87.0128,11.4926,17.4018,0,99,67,61,1890,6801,4.23615,218,13.8235,0,0,4650,117316111589
110.599,9.0417,17.4018,0,99,67,61,1890,6801,4.23615,218,13.8235,0,0,4650,117416201094
109.595,9.1245,17.4018,0,99,67,61,1890,6801,4.23615,218,13.8235,0,0,4650,117516289658
120.396,8.30591,17.4018,0,99,67,61,1890,6801,4.23615,218,13.8235,0,0,4650,117616382333
123.44,8.10113,21.4458,0,99,66,61,1890,6801,4.23615,221,13.8237,0,0,4624,117716472157
87.7924,11.3905,21.4458,0,99,66,61,1890,6801,4.23615,221,13.8237,0,0,4624,117816559132
104.246,9.59272,21.4458,0,99,66,61,1890,6801,4.23615,221,13.8237,0,0,4624,117916650916
107.265,9.32274,21.4458,0,99,66,61,1890,6801,4.23615,221,13.8237,0,0,4624,118016746591
111.461,8.97172,22.079,0,99,66,62,1890,6801,4.23615,221,13.8257,0,0,4684,118116853275
125.84,7.9466,22.079,0,99,66,62,1890,6801,4.23615,221,13.8257,0,0,4684,118216943810
103.767,9.63702,22.079,0,99,66,62,1890,6801,4.23615,221,13.8257,0,0,4684,118317032624
113.806,8.78691,22.079,0,99,66,62,1890,6801,4.23615,221,13.8257,0,0,4684,118417134299
120.454,8.3019,22.079,0,99,66,62,1890,6801,4.23615,221,13.8257,0,0,4684,118517224343
105.797,9.4521,20.8765,0,99,66,62,1890,6801,4.23615,221,13.8491,0,0,4718,118617329718
128.256,7.79692,20.8765,0,99,66,62,1890,6801,4.23615,221,13.8491,0,0,4718,118717447572
112.325,8.90271,20.8765,0,99,66,62,1890,6801,4.23615,221,13.8491,0,0,4718,118817536026
134.379,7.44162,20.8765,0,99,66,62,1890,6801,4.23615,221,13.8491,0,0,4718,118917632351
117.022,8.54538,20.8765,0,99,66,62,1890,6801,4.23615,221,13.8491,0,0,4718,119017747105
119.477,8.36979,21.0819,0,99,66,62,1890,6801,4.23615,219,13.8507,0,0,4627,119117830510
135.862,7.36043,21.0819,0,99,66,62,1890,6801,4.23615,219,13.8507,0,0,4627,119217916764
114.819,8.70935,21.0819,0,99,66,62,1890,6801,4.23615,219,13.8507,0,0,4627,119318006109
154.504,6.47233,21.0819,0,99,66,62,1890,6801,4.23615,219,13.8507,0,0,4627,119418093983
130.391,7.66923,21.0819,0,99,66,62,1890,6801,4.23615,219,13.8507,0,0,4627,119518181818
121.149,8.25431,21.0819,0,99,66,62,1890,6801,4.23615,219,13.8507,0,0,4627,119618270932
136.806,7.3096,21.1492,0,99,65,62,1890,6801,4.23615,219,13.8536,0,0,4624,119718367807
126.518,7.90401,21.1492,0,99,65,62,1890,6801,4.23615,219,13.8536,0,0,4624,119818453851
114.481,8.73508,21.1492,0,99,65,62,1890,6801,4.23615,219,13.8536,0,0,4624,119918527256
121.51,8.22981,21.1492,0,99,65,62,1890,6801,4.23615,219,13.8536,0,0,4624,120018633080
124.078,8.05947,22.0986,0,99,65,62,1890,6801,4.23615,218,13.8545,0,0,4625,120118718495
141.316,7.07632,22.0986,0,99,65,62,1890,6801,4.23615,218,13.8545,0,0,4625,120218812219
145.342,6.88034,22.0986,0,99,65,62,1890,6801,4.23615,218,13.8545,0,0,4625,120318912084
133.448,7.49354,22.0986,0,99,65,62,1890,6801,4.23615,218,13.8545,0,0,4625,120419001378
117.468,8.51299,22.0986,0,99,65,62,1890,6801,4.23615,218,13.8545,0,0,4625,120519088963
134.453,7.43757,22.2573,0,99,65,62,1890,6801,4.23615,218,13.8535,0,0,4699,120619186457
118.877,8.41203,22.2573,0,99,65,62,1890,6801,4.23615,218,13.8535,0,0,4699,120719282432
108.774,9.19338,22.2573,0,99,65,62,1890,6801,4.23615,218,13.8535,0,0,4699,120819382326
99.0664,10.0942,22.2573,0,99,65,62,1890,6801,4.23615,218,13.8535,0,0,4699,120919482661
122.862,8.1392,22.2573,0,99,65,62,1890,6801,4.23615,218,13.8535,0,0,4699,121019575045
121.246,8.2477,21.1538,0,99,65,62,1890,6801,4.23615,217,13.8536,0,0,4664,121119681470
128.633,7.77407,21.1538,0,99,65,62,1890,6801,4.23615,217,13.8536,0,0,4664,121219769954
135.702,7.36907,21.1538,0,99,65,62,1890,6801,4.23615,217,13.8536,0,0,4664,121319824259
126.482,7.90624,21.1538,0,99,65,62,1890,6801,4.23615,217,13.8536,0,0,4664,121419921223
132.366,7.5548,21.1538,0,99,65,62,1890,6801,4.23615,217,13.8536,0,0,4664,121520007268
102.843,9.72352,21.1538,0,99,65,62,1890,6801,4.23615,217,13.8536,0,0,4664,121620089992
173.677,5.75783,24.6617,0,99,65,61,1890,6801,4.23615,215,13.8545,0,0,4734,121720176567
131.974,7.57727,24.6617,0,99,65,61,1890,6801,4.23615,215,13.8545,0,0,4734,121820280731
138.337,7.2287,24.6617,0,99,65,61,1890,6801,4.23615,215,13.8545,0,0,4734,121920377276
132.228,7.56268,24.6617,0,99,65,61,1890,6801,4.23615,215,13.8545,0,0,4734,122020474490
145.142,6.88982,22.4763,0,99,65,61,1890,6801,4.23615,214,13.8545,0,0,4624,122120557685
150.764,6.63288,22.4763,0,99,65,61,1890,6801,4.23615,214,13.8545,0,0,4624,122220648699
176.058,5.67995,22.4763,0,99,65,61,1890,6801,4.23615,214,13.8545,0,0,4624,122320736544
181.267,5.51673,22.4763,0,99,65,61,1890,6801,4.23615,214,13.8545,0,0,4624,122420823228
139.685,7.15897,22.4763,0,99,65,61,1890,6801,4.23615,214,13.8545,0,0,4624,122520917633
128.275,7.79575,23.5811,0,98,65,61,1890,6801,4.23615,210,13.855,0,0,4649,122621007527
137.293,7.2837,23.5811,0,98,65,61,1890,6801,4.23615,210,13.855,0,0,4649,122721091252
132.371,7.55454,23.5811,0,98,65,61,1890,6801,4.23615,210,13.855,0,0,4649,122821175026
127.726,7.82929,23.5811,0,98,65,61,1890,6801,4.23615,210,13.855,0,0,4649,122921262131
130.575,7.65841,23.5811,0,98,65,61,1890,6801,4.23615,210,13.855,0,0,4649,123021349615
138.914,7.19871,20.0803,0,98,65,61,1890,6801,4.2338,210,13.8556,0,0,4699,123121426570
138.189,7.23646,20.0803,0,98,65,61,1890,6801,4.2338,210,13.8556,0,0,4699,123221518314
148.077,6.75324,20.0803,0,98,65,61,1890,6801,4.2338,210,13.8556,0,0,4699,123321598398
135.463,7.38209,20.0803,0,98,65,61,1890,6801,4.2338,210,13.8556,0,0,4699,123421685453
109.224,9.15547,20.0803,0,98,65,61,1890,6801,4.2338,210,13.8556,0,0,4699,123521775907
120.518,8.29755,20.0803,0,98,65,61,1890,6801,4.2338,210,13.8556,0,0,4699,123621860752
108.355,9.22891,19.7138,0,99,65,62,1890,6801,4.23243,218,13.8556,0,0,4724,123721928886
132.025,7.57432,19.7138,0,99,65,62,1890,6801,4.23243,218,13.8556,0,0,4724,123822017851
110.441,9.05463,19.7138,0,99,65,62,1890,6801,4.23243,218,13.8556,0,0,4724,123922133595
123.876,8.07258,19.7138,0,99,65,62,1890,6801,4.23243,218,13.8556,0,0,4724,124022250250
88.6313,11.2827,19.7138,0,99,65,62,1890,6801,4.23243,218,13.8556,0,0,4724,124122338844
100.898,9.91101,19.278,0,99,65,62,1890,6801,4.23615,220,13.8567,0,0,4697,124222427419
117.565,8.50596,19.278,0,99,65,62,1890,6801,4.23615,220,13.8567,0,0,4697,124322522403
128.189,7.80098,19.278,0,99,65,62,1890,6801,4.23615,220,13.8567,0,0,4697,124422611048
121.176,8.25247,19.278,0,99,65,62,1890,6801,4.23615,220,13.8567,0,0,4697,124522698672
123.534,8.09492,19.278,0,99,65,62,1890,6801,4.23615,220,13.8567,0,0,4697,124622813507
118.033,8.47222,24.9404,0,99,65,62,1890,6801,4.23361,217,13.8586,0,0,4665,124722969231
102.684,9.73866,24.9404,0,99,65,62,1890,6801,4.23361,217,13.8586,0,0,4665,124823103406
120.797,8.27837,24.9404,0,99,65,62,1890,6801,4.23361,217,13.8586,0,0,4665,124923191110
108.599,9.20822,24.9404,0,99,65,62,1890,6801,4.23361,217,13.8586,0,0,4665,125023282075
176.035,5.68068,24.9404,0,99,65,62,1890,6801,4.23361,217,13.8586,0,0,4665,125123373139
119.495,8.36855,21.4803,0,99,65,62,1890,6801,4.23361,217,13.8625,0,0,4714,125223454374
99.8457,10.0155,21.4803,0,99,65,62,1890,6801,4.23361,217,13.8625,0,0,4714,125323549058
131.387,7.61113,21.4803,0,99,65,62,1890,6801,4.23361,217,13.8625,0,0,4714,125423634503
120.264,8.31501,21.4803,0,99,65,62,1890,6801,4.23361,217,13.8625,0,0,4714,125523719427
146.824,6.81087,21.4803,0,99,65,62,1890,6801,4.23361,217,13.8625,0,0,4714,125623811292
131.989,7.57639,21.4803,0,99,65,62,1890,6801,4.23361,217,13.8625,0,0,4714,125723892166
130.466,7.66483,23.1452,0,99,66,62,1890,6801,4.23224,209,13.8296,0,0,4705,125823980461
121.874,8.2052,23.1452,0,99,66,62,1890,6801,4.23224,209,13.8296,0,0,4705,125924071245
129.141,7.74346,23.1452,0,99,66,62,1890,6801,4.23224,209,13.8296,0,0,4705,126024201340
132.953,7.52147,23.1452,0,99,66,62,1890,6801,4.23224,209,13.8296,0,0,4705,126124332504
119.741,8.35136,20.9984,0,99,66,62,1890,6801,4.23224,215,13.8284,0,0,4700,126224416369
109.253,9.15309,20.9984,0,99,66,62,1890,6801,4.23224,215,13.8284,0,0,4700,126324503633
121.267,8.24624,20.9984,0,99,66,62,1890,6801,4.23224,215,13.8284,0,0,4700,126424563188
118.58,8.4331,20.9984,0,99,66,62,1890,6801,4.23224,215,13.8284,0,0,4700,126524627752
103.396,9.67159,20.9984,0,99,66,62,1890,6801,4.23224,215,13.8284,0,0,4700,126624712187
153.572,6.5116,19.68,0,99,66,62,1890,6801,4.23224,223,13.8286,0,0,4748,126724796941
104.894,9.5334,19.68,0,99,66,62,1890,6801,4.23224,223,13.8286,0,0,4748,126824887616
110.66,9.03671,19.68,0,99,66,62,1890,6801,4.23224,223,13.8286,0,0,4748,126924982250
121.07,8.25967,19.68,0,99,66,62,1890,6801,4.23224,223,13.8286,0,0,4748,127025071345
139.383,7.17449,19.68,0,99,66,62,1890,6801,4.23224,223,13.8286,0,0,4748,127125169739
116.423,8.58939,21.9101,0,99,66,62,1890,6801,4.23224,224,13.8277,0,0,4674,127225248864
131.713,7.59228,21.9101,0,99,66,62,1890,6801,4.23224,224,13.8277,0,0,4674,127325335078
134.553,7.43203,21.9101,0,99,66,62,1890,6801,4.23224,224,13.8277,0,0,4674,127425416193
112.074,8.92267,21.9101,0,99,66,62,1890,6801,4.23224,224,13.8277,0,0,4674,127525511127
122.87,8.13866,21.9101,0,99,66,62,1890,6801,4.23224,224,13.8277,0,0,4674,127625613751
148.553,6.73159,21.9101,0,99,66,62,1890,6801,4.23224,224,13.8277,0,0,4674,127725732796
95.5219,10.4688,23.4026,0,99,65,62,1890,6801,4.23361,224,13.828,0,0,4664,127825822310
91.0346,10.9848,23.4026,0,99,65,62,1890,6801,4.23361,224,13.828,0,0,4664,127925917875
96.9463,10.315,23.4026,0,99,65,62,1890,6801,4.23361,224,13.828,0,0,4664,128026011989
104.381,9.5803,23.4026,0,99,65,62,1890,6801,4.23361,224,13.828,0,0,4664,128126096624
110.569,9.04411,24.4866,0,99,65,62,1890,6801,4.23615,223,13.827,0,0,4624,128226188068
115.972,8.62277,24.4866,0,99,65,62,1890,6801,4.23615,223,13.827,0,0,4624,128326296473
121.494,8.23086,24.4866,0,99,65,62,1890,6801,4.23615,223,13.827,0,0,4624,128426382057
120.882,8.27252,24.4866,0,99,65,62,1890,6801,4.23615,223,13.827,0,0,4624,128526467452
106.479,9.39149,24.4866,0,99,65,62,1890,6801,4.23615,223,13.827,0,0,4624,128626553686
118.649,8.42825,20.2077,0,99,65,62,1890,6801,4.24113,221,13.8267,0,0,4640,128726635911
105.251,9.5011,20.2077,0,99,65,62,1890,6801,4.24113,221,13.8267,0,0,4640,128826722185
136.564,7.3226,20.2077,0,99,65,62,1890,6801,4.24113,221,13.8267,0,0,4640,128926812530
92.8698,10.7678,20.2077,0,99,65,62,1890,6801,4.24113,221,13.8267,0,0,4640,129026909654
117.002,8.54689,20.2077,0,99,65,62,1890,6801,4.24113,221,13.8267,0,0,4640,129127011169
136.544,7.32367,21.3546,0,99,65,62,1890,6801,4.23644,218,13.8241,0,0,4664,129227096003
132.541,7.54486,21.3546,0,99,65,62,1890,6801,4.23644,218,13.8241,0,0,4664,129327187278
138.824,7.20338,21.3546,0,99,65,62,1890,6801,4.23644,218,13.8241,0,0,4664,129427270692
155.21,6.44288,21.3546,0,99,65,62,1890,6801,4.23644,218,13.8241,0,0,4664,129527361937
156.62,6.38489,21.3546,0,99,65,62,1890,6801,4.23644,218,13.8241,0,0,4664,129627454251
143.73,6.95751,21.3546,0,99,65,62,1890,6801,4.23644,218,13.8241,0,0,4664,129727565876
149.185,6.70309,22.2399,0,98,64,62,1890,6801,4.23615,219,13.8243,0,0,4696,129827650210
133.131,7.51139,22.2399,0,98,64,62,1890,6801,4.23615,219,13.8243,0,0,4696,129927745465
158.194,6.32136,22.2399,0,98,64,62,1890,6801,4.23615,219,13.8243,0,0,4696,130027879089
124.643,8.0229,22.2399,0,98,64,62,1890,6801,4.23615,219,13.8243,0,0,4696,130127960804
144.374,6.92646,22.462,0,96,64,62,1890,6801,4.23615,216,13.8235,0,0,4663,130228045678
114.35,8.74509,22.462,0,96,64,62,1890,6801,4.23615,216,13.8235,0,0,4663,130328138443
159.697,6.26187,22.462,0,96,64,62,1890,6801,4.23615,216,13.8235,0,0,4663,130428223407
129.425,7.72648,22.462,0,96,64,62,1890,6801,4.23615,216,13.8235,0,0,4663,130528308842
176.171,5.6763,22.462,0,96,64,62,1890,6801,4.23615,216,13.8235,0,0,4663,130628395306
138.504,7.22001,25.2765,0,96,64,62,1890,6801,4.23615,216,13.8488,0,0,4633,130728486071
113.72,8.79355,25.2765,0,96,64,62,1890,6801,4.23615,216,13.8488,0,0,4633,130828572815
321.192,3.1134,25.2765,0,96,64,62,1890,6801,4.23615,216,13.8488,0,0,4633,130928659890
149.579,6.68541,25.2765,0,96,64,62,1890,6801,4.23615,216,13.8488,0,0,4633,131028749444
137.433,7.2763,25.2765,0,96,64,62,1890,6801,4.23615,216,13.8488,0,0,4633,131128844739
118.503,8.43864,22.4457,0,97,64,61,1890,6801,4.23615,211,13.8489,0,0,4716,131228938063
119.209,8.3886,22.4457,0,97,64,61,1890,6801,4.23615,211,13.8489,0,0,4716,131328987698
121.104,8.25736,22.4457,0,97,64,61,1890,6801,4.23615,211,13.8489,0,0,4716,131429087862
113.418,8.81694,22.4457,0,97,64,61,1890,6801,4.23615,211,13.8489,0,0,4716,131529179947
127.752,7.82765,22.4457,0,97,64,61,1890,6801,4.23615,211,13.8489,0,0,4716,131629278211
124.704,8.01897,22.4457,0,97,64,61,1890,6801,4.23615,211,13.8489,0,0,4716,131729378326
59.2629,16.874,21.3826,0,83,65,60,1890,6801,4.23615,205,13.8503,0,0,4698,131829466380
125.41,7.97383,21.3826,0,83,65,60,1890,6801,4.23615,205,13.8503,0,0,4698,131929559764
120.33,8.31048,21.3826,0,83,65,60,1890,6801,4.23615,205,13.8503,0,0,4698,132029649539
135.147,7.39936,21.3826,0,83,65,60,1890,6801,4.23615,205,13.8503,0,0,4698,132129738213
119.959,8.33617,19.5219,0,87,65,61,1890,6801,4.23615,205,13.8503,0,0,4724,132229834428
149.109,6.70651,19.5219,0,87,65,61,1890,6801,4.23615,205,13.8503,0,0,4724,132329923352
121.894,8.20385,19.5219,0,87,65,61,1890,6801,4.23615,205,13.8503,0,0,4724,132429999787
103.812,9.63281,19.5219,0,87,65,61,1890,6801,4.23615,205,13.8503,0,0,4724,132530099911
166.792,5.99551,19.5219,0,87,65,61,1890,6801,4.23615,205,13.8503,0,0,4724,132630185276
133.274,7.50335,23.6568,0,99,65,62,1890,6801,4.23615,214,13.8514,0,0,4674,132730273070
148.838,6.71872,23.6568,0,99,65,62,1890,6801,4.23615,214,13.8514,0,0,4674,132830358595
163.456,6.11786,23.6568,0,99,65,62,1890,6801,4.23615,214,13.8514,0,0,4674,132930451109
145.655,6.86555,23.6568,0,99,65,62,1890,6801,4.23615,214,13.8514,0,0,4674,133030548764
154.503,6.47235,23.6568,0,99,65,62,1890,6801,4.23615,214,13.8514,0,0,4674,133130640888
130.128,7.68476,24.1214,0,98,65,62,1890,6801,4.23615,221,13.8506,0,0,4675,133230729303
148.629,6.72817,24.1214,0,98,65,62,1890,6801,4.23615,221,13.8506,0,0,4675,133330822097
167.127,5.98349,24.1214,0,98,65,62,1890,6801,4.23615,221,13.8506,0,0,4675,133430933162
150.104,6.66203,24.1214,0,98,65,62,1890,6801,4.23615,221,13.8506,0,0,4675,133531018786
118.5,8.43879,24.1214,0,98,65,62,1890,6801,4.23615,221,13.8506,0,0,4675,133631113951
124.382,8.03975,24.1214,0,98,65,62,1890,6801,4.23615,221,13.8506,0,0,4675,133731199545
117.006,8.54654,22.814,0,98,64,62,1890,6801,4.23615,221,13.8506,0,0,4687,133831284900
105.776,9.45393,22.814,0,98,64,62,1890,6801,4.23615,221,13.8506,0,0,4687,133931372564
176.595,5.66268,22.814,0,98,64,62,1890,6801,4.23615,221,13.8506,0,0,4687,134031459769
156.955,6.37127,22.814,0,98,64,62,1890,6801,4.23615,221,13.8506,0,0,4687,134131573563
111.838,8.94148,23.2986,0,99,64,62,1890,6801,4.23615,218,13.8507,0,0,4657,134231674388
124.479,8.03349,23.2986,0,99,64,62,1890,6801,4.23615,218,13.8507,0,0,4657,134331763302
96.4603,10.367,23.2986,0,99,64,62,1890,6801,4.23615,218,13.8507,0,0,4657,134431848657
141.445,7.06987,23.2986,0,99,64,62,1890,6801,4.23615,218,13.8507,0,0,4657,134531940711
116.238,8.60302,23.2986,0,99,64,62,1890,6801,4.23615,218,13.8507,0,0,4657,134632032056
131.462,7.60679,19.6643,0,99,64,62,1890,6801,4.23615,217,13.8507,0,0,4679,134732102980
143.413,6.97285,19.6643,0,99,64,62,1890,6801,4.23615,217,13.8507,0,0,4679,134832207505
140.918,7.09632,19.6643,0,99,64,62,1890,6801,4.23615,217,13.8507,0,0,4679,134932293589
116.804,8.56138,19.6643,0,99,64,62,1890,6801,4.23615,217,13.8507,0,0,4679,135032383314
139.882,7.14888,19.6643,0,99,64,62,1890,6801,4.23615,217,13.8507,0,0,4679,135132476068
109.003,9.17402,19.6643,0,99,64,62,1890,6801,4.23615,217,13.8507,0,0,4679,135232563863
89.1419,11.2181,19.8886,0,99,64,62,1890,6801,4.23615,220,13.8509,0,0,4693,135332660247
154.831,6.45867,19.8886,0,99,64,62,1890,6801,4.23615,220,13.8509,0,0,4693,135432765252
129.405,7.72768,19.8886,0,99,64,62,1890,6801,4.23615,220,13.8509,0,0,4693,135532856236
102.003,9.80366,19.8886,0,99,64,62,1890,6801,4.23615,220,13.8509,0,0,4693,135632947661
155.942,6.41266,19.8886,0,99,64,62,1890,6801,4.23615,220,13.8509,0,0,4693,135733049905
116.58,8.57778,28.7089,0,96,65,61,1890,6801,4.25812,219,13.8481,0,0,4622,135833144340
143.421,6.97249,28.7089,0,96,65,61,1890,6801,4.25812,219,13.8481,0,0,4622,135933236984
131.706,7.59268,28.7089,0,96,65,61,1890,6801,4.25812,219,13.8481,0,0,4622,136033333499
146.65,6.81897,28.7089,0,96,65,61,1890,6801,4.25812,219,13.8481,0,0,4622,136133484003
127.46,7.84563,28.7089,0,96,65,61,1890,6801,4.25812,219,13.8481,0,0,4622,136233580247
106.323,9.4053,25.3994,0,96,65,61,1890,6801,4.25812,219,13.8498,0,0,4625,136333664672
135.682,7.37015,25.3994,0,96,65,61,1890,6801,4.25812,219,13.8498,0,0,4625,136433750566
129.476,7.72347,25.3994,0,96,65,61,1890,6801,4.25812,219,13.8498,0,0,4625,136533857571
157.169,6.36256,25.3994,0,96,65,61,1890,6801,4.25812,219,13.8498,0,0,4625,136633986325
113.21,8.83313,25.3994,0,96,65,61,1890,6801,4.25812,219,13.8498,0,0,4625,136734133490
138.099,7.24116,22.7929,0,95,65,61,1890,6801,4.28497,215,13.8498,0,0,4665,136834225804
143.497,6.96881,22.7929,0,95,65,61,1890,6801,4.28497,215,13.8498,0,0,4665,136934314039
131.705,7.59272,22.7929,0,95,65,61,1890,6801,4.28497,215,13.8498,0,0,4665,137034402503
140.486,7.11816,22.7929,0,95,65,61,1890,6801,4.28497,215,13.8498,0,0,4665,137134497678
129.209,7.7394,22.7929,0,95,65,61,1890,6801,4.28497,215,13.8498,0,0,4665,137234579842
171.094,5.84475,23.6089,0,99,65,62,1890,6801,4.28497,212,13.849,0,0,4681,137334666147
121.112,8.25679,23.6089,0,99,65,62,1890,6801,4.28497,212,13.849,0,0,4681,137434751771
126.82,7.8852,23.6089,0,99,65,62,1890,6801,4.28497,212,13.849,0,0,4681,137534845146
127.025,7.87247,23.6089,0,99,65,62,1890,6801,4.28497,212,13.849,0,0,4681,137634925160
130.529,7.66111,23.6089,0,99,65,62,1890,6801,4.28497,212,13.849,0,0,4681,137735014505
123.594,8.09102,23.6089,0,99,65,62,1890,6801,4.28497,212,13.849,0,0,4681,137835093289
141.187,7.0828,24.0223,0,99,65,62,1890,6801,4.28497,212,13.8498,0,0,4700,137935192634
117.649,8.49988,24.0223,0,99,65,62,1890,6801,4.28497,212,13.8498,0,0,4700,138035275958
129.733,7.70812,24.0223,0,99,65,62,1890,6801,4.28497,212,13.8498,0,0,4700,138135362693
180.335,5.54525,24.0223,0,99,65,62,1890,6801,4.28497,212,13.8498,0,0,4700,138235449137
70.1413,14.2569,24.8281,0,99,65,62,1890,6801,4.26388,213,13.8489,0,0,4699,138335537552
132.421,7.55168,24.8281,0,99,65,62,1890,6801,4.26388,213,13.8489,0,0,4699,138435622766
131.94,7.57922,24.8281,0,99,65,62,1890,6801,4.26388,213,13.8489,0,0,4699,138535708761
111.983,8.92993,24.8281,0,99,65,62,1890,6801,4.26388,213,13.8489,0,0,4699,138635808985
131.551,7.60163,24.8281,0,99,65,62,1890,6801,4.26388,213,13.8489,0,0,4699,138735896100
117.735,8.49367,29.9051,0,99,65,62,1890,6801,4.24083,214,13.8659,0,0,4599,138835979704
112.072,8.92283,29.9051,0,99,65,62,1890,6801,4.24083,214,13.8659,0,0,4599,138936099939
127.681,7.83202,29.9051,0,99,65,62,1890,6801,4.24083,214,13.8659,0,0,4599,139036198923
125.597,7.962,29.9051,0,99,65,62,1890,6801,4.24083,214,13.8659,0,0,4599,139136290818
131.202,7.62186,29.9051,0,99,65,62,1890,6801,4.24083,214,13.8659,0,0,4599,139236381552
130.217,7.67951,26.868,0,73,65,59,1890,6801,4.28829,197,13.8691,0,0,4600,139336466617
111.21,8.992,26.868,0,73,65,59,1890,6801,4.28829,197,13.8691,0,0,4600,139436554231
120.489,8.29949,26.868,0,73,65,59,1890,6801,4.28829,197,13.8691,0,0,4600,139536625646
132.413,7.55213,26.868,0,73,65,59,1890,6801,4.28829,197,13.8691,0,0,4600,139636723750
112.183,8.91401,26.868,0,73,65,59,1890,6801,4.28829,197,13.8691,0,0,4600,139736813985
128.018,7.8114,26.868,0,73,65,59,1890,6801,4.28829,197,13.8691,0,0,4600,139836896659
117.572,8.50544,22.4277,0,99,66,61,1890,6801,4.28497,194,13.8311,0,0,4699,139936983754
132.451,7.54996,22.4277,0,99,66,61,1890,6801,4.28497,194,13.8311,0,0,4699,140037074658
126.763,7.88875,22.4277,0,99,66,61,1890,6801,4.28497,194,13.8311,0,0,4699,140137175893
122.684,8.15104,22.4277,0,99,66,61,1890,6801,4.28497,194,13.8311,0,0,4699,140237271837
106.937,9.35128,22.6295,0,99,66,61,1890,6801,4.28497,206,13.8345,0,0,4630,140337361822
141.778,7.05327,22.6295,0,99,66,61,1890,6801,4.28497,206,13.8345,0,0,4630,140437444736
123.308,8.10977,22.6295,0,99,66,61,1890,6801,4.28497,206,13.8345,0,0,4630,140537529820
102.139,9.79054,22.6295,0,99,66,61,1890,6801,4.28497,206,13.8345,0,0,4630,140637611995
110.941,9.01377,22.6295,0,99,66,61,1890,6801,4.28497,206,13.8345,0,0,4630,140737696909
114.428,8.73914,19.3445,0,98,66,61,1890,6801,4.28497,209,13.8424,0,0,4724,140837787034
161.541,6.19039,19.3445,0,98,66,61,1890,6801,4.28497,209,13.8424,0,0,4724,140937872488
147.604,6.77488,19.3445,0,98,66,61,1890,6801,4.28497,209,13.8424,0,0,4724,141037956253
174.21,5.7402,19.3445,0,98,66,61,1890,6801,4.28497,209,13.8424,0,0,4724,141138038667
170.658,5.85968,19.3445,0,98,66,61,1890,6801,4.28497,209,13.8424,0,0,4724,141238131902
165.405,6.04576,14.2514,0,65,66,58,1890,6801,3.88624,190,13.8405,0,0,4756,141338219206
164.604,6.0752,14.2514,0,65,66,58,1890,6801,3.88624,190,13.8405,0,0,4756,141438304581
162.636,6.14872,14.2514,0,65,66,58,1890,6801,3.88624,190,13.8405,0,0,4756,141538415375
162.85,6.14061,14.2514,0,65,66,58,1890,6801,3.88624,190,13.8405,0,0,4756,141638501120
161.843,6.17884,14.2514,0,65,66,58,1890,6801,3.88624,190,13.8405,0,0,4756,141738586674
164.704,6.0715,16.8413,0,17,67,53,1890,6801,3.66774,136,14.0647,0,0,4698,141838670069
167.595,5.96678,16.8413,0,17,67,53,1890,6801,3.66774,136,14.0647,0,0,4698,141938759183
165.247,6.05154,16.8413,0,17,67,53,1890,6801,3.66774,136,14.0647,0,0,4698,142038841618
166.654,6.00046,16.8413,0,17,67,53,1890,6801,3.66774,136,14.0647,0,0,4698,142138929592
162.546,6.15212,16.8413,0,17,67,53,1890,6801,3.66774,136,14.0647,0,0,4698,142239011667
164.209,6.08979,15.6847,0,17,67,53,1890,6801,3.66774,136,13.8408,0,0,4725,142339108131
161.86,6.17819,15.6847,0,17,67,53,1890,6801,3.66774,136,13.8408,0,0,4725,142439220766
164.802,6.06788,15.6847,0,17,67,53,1890,6801,3.66774,136,13.8408,0,0,4725,142539305710
164.394,6.08296,15.6847,0,17,67,53,1890,6801,3.66774,136,13.8408,0,0,4725,142639390605
109.947,9.09531,15.6847,0,17,67,53,1890,6801,3.66774,136,13.8408,0,0,4725,142739477659
132.767,7.53197,14.5701,0,17,67,53,1890,6801,3.67728,87,13.8767,0,0,4695,142839556924
104.674,9.55351,14.5701,0,17,67,53,1890,6801,3.67728,87,13.8767,0,0,4695,142939640348
70.3107,14.2226,14.5701,0,17,67,53,1890,6801,3.67728,87,13.8767,0,0,4695,143039722943
14.9955,66.6868,14.5701,0,17,67,53,1890,6801,3.67728,87,13.8767,0,0,4695,143139807267
17.0812,58.544,14.5701,0,17,67,53,1890,6801,3.67728,87,13.8767,0,0,4695,143239885692
8.8814,112.595,14.5701,0,17,67,53,1890,6801,3.67728,87,13.8767,0,0,4695,143339964606
29.0439,34.4306,14.5701,0,17,67,53,1890,6801,3.67728,87,13.8767,0,0,4695,143440044551
39.2381,25.4854,13.1255,0,17,66,53,1860,6801,4.2887,81,13.9304,0,0,4725,143540141385
38.0852,26.2569,13.1255,0,17,66,53,1860,6801,4.2887,81,13.9304,0,0,4725,143640244480
466.679,2.1428,13.1255,0,17,66,53,1860,6801,4.2887,81,13.9304,0,0,4725,143740804124
108.011,9.25829,13.1255,0,17,66,53,1860,6801,4.2887,81,13.9304,0,0,4725,143840909949
118.647,8.42839,27.0968,0,17,66,53,1860,6801,4.2887,81,13.8722,0,0,4617,143940996043
110.848,9.02136,27.0968,0,17,66,53,1860,6801,4.2887,81,13.8722,0,0,4617,144041085368
109.919,9.09757,27.0968,0,17,66,53,1860,6801,4.2887,81,13.8722,0,0,4617,144141180872
116.721,8.56747,27.0968,0,17,66,53,1860,6801,4.2887,81,13.8722,0,0,4617,144241268197
109.703,9.11556,27.0968,0,17,66,53,1860,6801,4.2887,81,13.8722,0,0,4617,144341353061
117.675,8.49798,17.5494,0,34,66,54,1890,6801,4.272,87,13.8773,0,0,4736,144441438865
121.105,8.25727,17.5494,0,34,66,54,1890,6801,4.272,87,13.8773,0,0,4736,144541527620
120.562,8.29451,17.5494,0,34,66,54,1890,6801,4.272,87,13.8773,0,0,4736,144641614904
116.015,8.61954,17.5494,0,34,66,54,1890,6801,4.272,87,13.8773,0,0,4736,144741702619
123.787,8.07842,17.5494,0,34,66,54,1890,6801,4.272,87,13.8773,0,0,4736,144841801733
124.919,8.00522,16.4131,0,92,66,58,1890,6801,4.23752,105,13.2323,0,0,4671,144941886608
118.202,8.4601,16.4131,0,92,66,58,1890,6801,4.23752,105,13.2323,0,0,4671,145041988762
123.309,8.1097,16.4131,0,92,66,58,1890,6801,4.23752,105,13.2323,0,0,4671,145142081357
124.728,8.01746,16.4131,0,92,66,58,1890,6801,4.23752,105,13.2323,0,0,4671,145242166641
117.126,8.53782,16.4131,0,92,66,58,1890,6801,4.23752,105,13.2323,0,0,4671,145342266946
98.9088,10.1103,16.4131,0,92,66,58,1890,6801,4.23752,105,13.2323,0,0,4671,145442370720
127.692,7.83135,18.9146,0,99,67,61,1890,6801,4.23401,179,13.2251,0,0,4616,145542471955
115.561,8.65346,18.9146,0,99,67,61,1890,6801,4.23401,179,13.2251,0,0,4616,145642540449
117.232,8.5301,18.9146,0,99,67,61,1890,6801,4.23401,179,13.2251,0,0,4616,145742623994
111.205,8.99238,18.9146,0,99,67,61,1890,6801,4.23401,179,13.2251,0,0,4616,145842707778
132.67,7.53748,20.83,0,99,67,61,1890,6801,4.23401,226,13.2096,0,0,4647,145942798543
119.679,8.35572,20.83,0,99,67,61,1890,6801,4.23401,226,13.2096,0,0,4647,146042895397
118.517,8.43758,20.83,0,99,67,61,1890,6801,4.23401,226,13.2096,0,0,4647,146143004622
156.23,6.40084,20.83,0,99,67,61,1890,6801,4.23401,226,13.2096,0,0,4647,146243152466
559.93,1.78594,20.83,0,99,67,61,1890,6801,4.23401,226,13.2096,0,0,4647,146343213361
137.225,7.2873,21.1952,0,99,67,61,1890,6801,4.23401,226,13.2154,0,0,4729,146443297555
127.768,7.82668,21.1952,0,99,67,61,1890,6801,4.23401,226,13.2154,0,0,4729,146543393620
129.274,7.7355,21.1952,0,99,67,61,1890,6801,4.23401,226,13.2154,0,0,4729,146643487624
130.057,7.68896,21.1952,0,99,67,61,1890,6801,4.23401,226,13.2154,0,0,4729,146743573689
132.437,7.55077,21.1952,0,99,67,61,1890,6801,4.23401,226,13.2154,0,0,4729,146843688313
144.331,6.92852,21.0071,0,99,67,61,1890,6801,4.23401,225,13.2159,0,0,4649,146943783078
123.466,8.0994,21.0071,0,99,67,61,1890,6801,4.23401,225,13.2159,0,0,4649,147043870112
142.905,6.99767,21.0071,0,99,67,61,1890,6801,4.23401,225,13.2159,0,0,4649,147143956847
131.589,7.59942,21.0071,0,99,67,61,1890,6801,4.23401,225,13.2159,0,0,4649,147244043401
107.702,9.28492,21.0071,0,99,67,61,1890,6801,4.23401,225,13.2159,0,0,4649,147344146226
130.864,7.64153,21.0071,0,99,67,61,1890,6801,4.23401,225,13.2159,0,0,4649,147444229840
111.915,8.93532,25.3554,0,99,69,61,1890,6801,4.23977,220,13.2177,0,0,4617,147544325825
115.537,8.65523,25.3554,0,99,69,61,1890,6801,4.23977,220,13.2177,0,0,4617,147644417149
125.449,7.97134,25.3554,0,99,69,61,1890,6801,4.23977,220,13.2177,0,0,4617,147744502904
127.612,7.83625,25.3554,0,99,69,61,1890,6801,4.23977,220,13.2177,0,0,4617,147844597488
111.048,9.00515,28.9474,0,99,69,61,1890,6801,4.24631,218,12.983,0,0,4609,147944686113
135.634,7.37281,28.9474,0,99,69,61,1890,6801,4.24631,218,12.983,0,0,4609,148044765647
65.0125,15.3816,28.9474,0,99,69,61,1890,6801,4.24631,218,12.983,0,0,4609,148144852002
134.177,7.45283,28.9474,0,99,69,61,1890,6801,4.24631,218,12.983,0,0,4609,148244937436
124.639,8.02319,28.9474,0,99,69,61,1890,6801,4.24631,218,12.983,0,0,4609,148345020541
100.596,9.94072,24.9802,0,98,69,61,1890,6801,4.24612,217,12.9824,0,0,4625,148445113805
122.171,8.18525,24.9802,0,98,69,61,1890,6801,4.24612,217,12.9824,0,0,4625,148545215290
107.657,9.28876,24.9802,0,98,69,61,1890,6801,4.24612,217,12.9824,0,0,4625,148645303854
120.204,8.31916,24.9802,0,98,69,61,1890,6801,4.24612,217,12.9824,0,0,4625,148745389999
128.729,7.76824,24.9802,0,98,69,61,1890,6801,4.24612,217,12.9824,0,0,4625,148845476263
116.747,8.56552,20.5251,0,98,69,61,1890,6801,4.24983,218,12.9829,0,0,4658,148945568867
135.114,7.40118,20.5251,0,98,69,61,1890,6801,4.24983,218,12.9829,0,0,4658,149045651142
126.257,7.92034,20.5251,0,98,69,61,1890,6801,4.24983,218,12.9829,0,0,4658,149145742416
115.775,8.63741,20.5251,0,98,69,61,1890,6801,4.24983,218,12.9829,0,0,4658,149245850421
127.635,7.83485,20.5251,0,98,69,61,1890,6801,4.24983,218,12.9829,0,0,4658,149345959415
126.052,7.93322,20.5251,0,98,69,61,1890,6801,4.24983,218,12.9829,0,0,4658,149446045780
143.043,6.99092,21.3439,0,99,69,62,1890,6801,4.24758,222,12.9862,0,0,4698,149546128184
124.784,8.01387,21.3439,0,99,69,62,1890,6801,4.24758,222,12.9862,0,0,4698,149646215049
101.806,9.82265,21.3439,0,99,69,62,1890,6801,4.24758,222,12.9862,0,0,4698,149746260623
126.867,7.88228,21.3439,0,99,69,62,1890,6801,4.24758,222,12.9862,0,0,4698,149846351228
218.614,4.57428,24.8423,0,99,69,62,1890,6801,4.24758,222,12.9921,0,0,4548,149946434672
100.294,9.97065,24.8423,0,99,69,62,1890,6801,4.24758,222,12.9921,0,0,4548,150046535517
109.407,9.14018,24.8423,0,99,69,62,1890,6801,4.24758,222,12.9921,0,0,4548,150146624951
103.841,9.63011,24.8423,0,99,69,62,1890,6801,4.24758,222,12.9921,0,0,4548,150246702586
127.308,7.85498,24.8423,0,99,69,62,1890,6801,4.24758,222,12.9921,0,0,4548,150346787600
115.269,8.67534,24.8423,0,99,69,62,1890,6801,4.24758,222,12.9921,0,0,4548,150446876155
122.758,8.14612,22.2839,0,97,69,61,1890,6801,4.24905,224,12.991,0,0,4675,150546964189
133.844,7.47138,22.2839,0,97,69,61,1890,6801,4.24905,224,12.991,0,0,4675,150647069314
139.284,7.17959,22.2839,0,97,69,61,1890,6801,4.24905,224,12.991,0,0,4675,150747153338
132.393,7.55326,22.2839,0,97,69,61,1890,6801,4.24905,224,12.991,0,0,4675,150847241083
118.518,8.43751,22.2839,0,97,69,61,1890,6801,4.24905,224,12.991,0,0,4675,150947336327
104.497,9.56968,19.1968,0,72,69,60,1890,6801,4.2512,211,12.9961,0,0,4711,151047437122
122.472,8.16512,19.1968,0,72,69,60,1890,6801,4.2512,211,12.9961,0,0,4711,151147525726
125.847,7.94615,19.1968,0,72,69,60,1890,6801,4.2512,211,12.9961,0,0,4711,151247613771
134.417,7.43955,19.1968,0,72,69,60,1890,6801,4.2512,211,12.9961,0,0,4711,151347699075
125.741,7.95285,19.1968,0,72,69,60,1890,6801,4.2512,211,12.9961,0,0,4711,151447810030
133.197,7.50766,21.234,0,99,68,62,1890,6801,4.24495,214,12.9924,0,0,4648,151547915584
97.4118,10.2657,21.234,0,99,68,62,1890,6801,4.24495,214,12.9924,0,0,4648,151648028699
118.858,8.41339,21.234,0,99,68,62,1890,6801,4.24495,214,12.9924,0,0,4648,151748117573
100.882,9.91256,21.234,0,99,68,62,1890,6801,4.24495,214,12.9924,0,0,4648,151848205928
89.6582,11.1535,21.234,0,99,68,62,1890,6801,4.24495,214,12.9924,0,0,4648,151948295172
97.0815,10.3006,22.1709,0,99,68,62,1890,6801,4.24963,219,12.9925,0,0,4703,152048390947
109.99,9.09176,22.1709,0,99,68,62,1890,6801,4.24963,219,12.9925,0,0,4703,152148470221
120.185,8.32049,22.1709,0,99,68,62,1890,6801,4.24963,219,12.9925,0,0,4703,152248550926
90.3357,11.0698,22.1709,0,99,68,62,1890,6801,4.24963,219,12.9925,0,0,4703,152348635140
103.521,9.65985,22.1709,0,99,68,62,1890,6801,4.24963,219,12.9925,0,0,4703,152448723045
105.351,9.49205,21.547,0,84,68,60,1890,6801,4.255,215,12.9916,0,0,4648,152548808909
103.249,9.68533,21.547,0,84,68,60,1890,6801,4.255,215,12.9916,0,0,4648,152648894684
108.036,9.25616,21.547,0,84,68,60,1890,6801,4.255,215,12.9916,0,0,4648,152748994018
119.142,8.39335,21.547,0,84,68,60,1890,6801,4.255,215,12.9916,0,0,4648,152849080103
101.717,9.83118,21.547,0,84,68,60,1890,6801,4.255,215,12.9916,0,0,4648,152949168037
103.443,9.66712,19.7941,0,80,68,60,1890,6801,4.27874,212,12.939,0,0,4717,153049252062
101.73,9.82992,19.7941,0,80,68,60,1890,6801,4.27874,212,12.939,0,0,4717,153149349396
115.109,8.68745,19.7941,0,80,68,60,1890,6801,4.27874,212,12.939,0,0,4717,153249465750
104.432,9.57562,19.7941,0,80,68,60,1890,6801,4.27874,212,12.939,0,0,4717,153349555265
109.988,9.09193,19.7941,0,80,68,60,1890,6801,4.27874,212,12.939,0,0,4717,153449651829
94.7679,10.5521,19.7941,0,80,68,60,1890,6801,4.27874,212,12.939,0,0,4717,153549738984
83.7233,11.9441,19.5584,0,99,68,62,1890,6801,4.27883,218,12.9409,0,0,4650,153649826988
95.0185,10.5243,19.5584,0,99,68,62,1890,6801,4.27883,218,12.9409,0,0,4650,153749907343
120.641,8.28906,19.5584,0,99,68,62,1890,6801,4.27883,218,12.9409,0,0,4650,153849992417
115.07,8.6904,19.5584,0,99,68,62,1890,6801,4.27883,218,12.9409,0,0,4650,153950085182
114.328,8.7468,26.1772,0,99,68,62,1890,6801,4.27502,226,12.9443,0,0,4638,154050173886
109.409,9.14,26.1772,0,99,68,62,1890,6801,4.27502,226,12.9443,0,0,4638,154150262211
102.313,9.7739,26.1772,0,99,68,62,1890,6801,4.27502,226,12.9443,0,0,4638,154250328395
106.534,9.38664,26.1772,0,99,68,62,1890,6801,4.27502,226,12.9443,0,0,4638,154350411560
132.172,7.5659,26.1772,0,99,68,62,1890,6801,4.27502,226,12.9443,0,0,4638,154450495114
113.181,8.83542,26.2907,0,99,68,62,1890,6801,4.25959,222,12.9444,0,0,4664,154550583489
117.943,8.4787,26.2907,0,99,68,62,1890,6801,4.25959,222,12.9444,0,0,4664,154650684373
124.614,8.02476,26.2907,0,99,68,62,1890,6801,4.25959,222,12.9444,0,0,4664,154750781888
117.157,8.53557,26.2907,0,99,68,62,1890,6801,4.25959,222,12.9444,0,0,4664,154850866472
116.618,8.57503,26.2907,0,99,68,62,1890,6801,4.25959,222,12.9444,0,0,4664,154950955707
114.811,8.70997,19.8891,0,97,68,62,1890,6801,4.24524,215,12.9435,0,0,4675,155051048531
135.539,7.37793,19.8891,0,97,68,62,1890,6801,4.24524,215,12.9435,0,0,4675,155151161216
105.744,9.45682,19.8891,0,97,68,62,1890,6801,4.24524,215,12.9435,0,0,4675,155251249670
96.6753,10.3439,19.8891,0,97,68,62,1890,6801,4.24524,215,12.9435,0,0,4675,155351344045
119.524,8.36654,19.8891,0,97,68,62,1890,6801,4.24524,215,12.9435,0,0,4675,155451438789
127.196,7.86186,19.8891,0,97,68,62,1890,6801,4.24524,215,12.9435,0,0,4675,155551538504
152.046,6.57696,27.769,0,98,67,62,1890,6801,4.25354,222,12.9345,0,0,4671,155651634138
127.726,7.82929,27.769,0,98,67,62,1890,6801,4.25354,222,12.9345,0,0,4671,155751726483
136.873,7.30602,27.769,0,98,67,62,1890,6801,4.25354,222,12.9345,0,0,4671,155851820937
118.594,8.43211,27.769,0,98,67,62,1890,6801,4.25354,222,12.9345,0,0,4671,155951914252
129.489,7.72264,25.3185,0,98,67,62,1890,6801,4.25354,222,12.9394,0,0,4666,156052003676
113.17,8.83628,25.3185,0,98,67,62,1890,6801,4.25354,222,12.9394,0,0,4666,156152088951
123.247,8.1138,25.3185,0,98,67,62,1890,6801,4.25354,222,12.9394,0,0,4666,156252184565
133.688,7.4801,25.3185,0,98,67,62,1890,6801,4.25354,222,12.9394,0,0,4666,156352272780
145.671,6.8648,25.3185,0,98,67,62,1890,6801,4.25354,222,12.9394,0,0,4666,156452360304
122.166,8.18558,21.5531,0,97,67,62,1890,6801,4.25354,223,12.9371,0,0,4680,156552448919
103.145,9.6951,21.5531,0,97,67,62,1890,6801,4.25354,223,12.9371,0,0,4680,156652511043
119.877,8.34186,21.5531,0,97,67,62,1890,6801,4.25354,223,12.9371,0,0,4680,156752596198
104.53,9.5666,21.5531,0,97,67,62,1890,6801,4.25354,223,12.9371,0,0,4680,156852689922
121.829,8.20821,21.5531,0,97,67,62,1890,6801,4.25354,223,12.9371,0,0,4680,156952794257
130.278,7.67591,22.7526,0,98,67,62,1890,6801,4.24719,220,12.9364,0,0,4691,157052882121
145.81,6.85824,22.7526,0,98,67,62,1890,6801,4.24719,220,12.9364,0,0,4691,157152973296
133.704,7.47922,22.7526,0,98,67,62,1890,6801,4.24719,220,12.9364,0,0,4691,157253076360
123.227,8.11508,22.7526,0,98,67,62,1890,6801,4.24719,220,12.9364,0,0,4691,157353166375
95.1706,10.5074,22.7526,0,98,67,62,1890,6801,4.24719,220,12.9364,0,0,4691,157453263729
126.932,7.87822,22.7526,0,98,67,62,1890,6801,4.24719,220,12.9364,0,0,4691,157553347994
131.997,7.57594,20.6144,0,98,67,62,1890,6801,4.24729,222,12.9362,0,0,4675,157653440248
111.665,8.95532,20.6144,0,98,67,62,1890,6801,4.24729,222,12.9362,0,0,4675,157753526972
119.37,8.37729,20.6144,0,98,67,62,1890,6801,4.24729,222,12.9362,0,0,4675,157853610157
114.361,8.74424,20.6144,0,98,67,62,1890,6801,4.24729,222,12.9362,0,0,4675,157953705291
121.796,8.21044,20.6869,0,99,67,62,1890,6801,4.24612,224,12.9359,0,0,4687,158053807896
132.366,7.55481,20.6869,0,99,67,62,1890,6801,4.24612,224,12.9359,0,0,4687,158153900750
127.54,7.84067,20.6869,0,99,67,62,1890,6801,4.24612,224,12.9359,0,0,4687,158253989445
125.468,7.97016,20.6869,0,99,67,62,1890,6801,4.24612,224,12.9359,0,0,4687,158354076479
128.502,7.78199,20.6869,0,99,67,62,1890,6801,4.24612,224,12.9359,0,0,4687,158454162414
111.749,8.94865,19.5083,0,99,67,62,1890,6801,4.24641,225,12.9358,0,0,4704,158554251658
144.084,6.94038,19.5083,0,99,67,62,1890,6801,4.24641,225,12.9358,0,0,4704,158654334223
121.931,8.20137,19.5083,0,99,67,62,1890,6801,4.24641,225,12.9358,0,0,4704,158754393637
139.476,7.16968,19.5083,0,99,67,62,1890,6801,4.24641,225,12.9358,0,0,4704,158854476762
160.22,6.24143,19.5083,0,99,67,62,1890,6801,4.24641,225,12.9358,0,0,4704,158954560776
155.319,6.43837,19.5083,0,99,67,62,1890,6801,4.24641,225,12.9358,0,0,4704,159054639641
129.355,7.73066,22.4,0,99,67,62,1890,6801,4.24377,225,12.9373,0,0,4651,159154724785
117.119,8.53835,22.4,0,99,67,62,1890,6801,4.24377,225,12.9373,0,0,4651,159254829850
128.853,7.76078,22.4,0,99,67,62,1890,6801,4.24377,225,12.9373,0,0,4651,159354919664
134.582,7.43039,22.4,0,99,67,62,1890,6801,4.24377,225,12.9373,0,0,4651,159454991329
128.748,7.76709,22.4,0,99,67,62,1890,6801,4.24377,225,12.9373,0,0,4651,159555076513
123.926,8.06934,23.622,0,94,67,62,1890,6801,4.24514,224,12.9368,0,0,4675,159655152608
140.797,7.10244,23.622,0,94,67,62,1890,6801,4.24514,224,12.9368,0,0,4675,159755241282
127.871,7.82039,23.622,0,94,67,62,1890,6801,4.24514,224,12.9368,0,0,4675,159855328307
144.841,6.90411,23.622,0,94,67,62,1890,6801,4.24514,224,12.9368,0,0,4675,159955411011
138.902,7.19933,23.622,0,94,67,62,1890,6801,4.24514,224,12.9368,0,0,4675,160055480186
148.104,6.75202,19.378,0,97,67,62,1890,6801,4.24377,221,12.9354,0,0,4726,160155571440
133.326,7.50041,19.378,0,97,67,62,1890,6801,4.24377,221,12.9354,0,0,4726,160255664325
147.547,6.77749,19.378,0,97,67,62,1890,6801,4.24377,221,12.9354,0,0,4726,160355740549
114.778,8.71246,19.378,0,97,67,62,1890,6801,4.24377,221,12.9354,0,0,4726,160455823934
139.139,7.18707,19.378,0,97,67,62,1890,6801,4.24377,221,12.9354,0,0,4726,160555911768
125.052,7.99666,20.8967,0,99,67,62,1890,6801,4.24377,220,12.9386,0,0,4628,160655993493
120.752,8.28146,20.8967,0,99,67,62,1890,6801,4.24377,220,12.9386,0,0,4628,160756077417
140.759,7.10433,20.8967,0,99,67,62,1890,6801,4.24377,220,12.9386,0,0,4628,160856166122
109.559,9.12748,20.8967,0,99,67,62,1890,6801,4.24377,220,12.9386,0,0,4628,160956273236
139.101,7.18904,20.8967,0,99,67,62,1890,6801,4.24377,220,12.9386,0,0,4628,161056361341
117.906,8.48134,19.8241,0,99,67,62,1890,6801,4.24377,222,12.9343,0,0,4650,161156429855
130.425,7.66722,19.8241,0,99,67,62,1890,6801,4.24377,222,12.9343,0,0,4650,161256520370
134.982,7.4084,19.8241,0,99,67,62,1890,6801,4.24377,222,12.9343,0,0,4650,161356610144
165.118,6.05628,19.8241,0,99,67,62,1890,6801,4.24377,222,12.9343,0,0,4650,161456692119
118.312,8.45226,19.8241,0,99,67,62,1890,6801,4.24377,222,12.9343,0,0,4650,161556773833
139.164,7.18575,21.1858,0,99,66,62,1890,6801,4.24377,221,12.9348,0,0,4647,161656862938
136.515,7.32519,21.1858,0,99,66,62,1890,6801,4.24377,221,12.9348,0,0,4647,161756952032
129.572,7.71769,21.1858,0,99,66,62,1890,6801,4.24377,221,12.9348,0,0,4647,161857037457
125.264,7.98313,21.1858,0,99,66,62,1890,6801,4.24377,221,12.9348,0,0,4647,161957124181
136.977,7.30051,21.1858,0,99,66,62,1890,6801,4.24377,221,12.9348,0,0,4647,162057212346
132.546,7.54457,20.9729,0,99,66,62,1890,6801,4.24377,221,12.9361,0,0,4749,162157299950
128.836,7.7618,20.9729,0,99,66,62,1890,6801,4.24377,221,12.9361,0,0,4749,162257385045
132.599,7.54154,20.9729,0,99,66,62,1890,6801,4.24377,221,12.9361,0,0,4749,162357446409
100.57,9.94334,20.9729,0,99,66,62,1890,6801,4.24377,221,12.9361,0,0,4749,162457534374
135.29,7.39152,20.9729,0,99,66,62,1890,6801,4.24377,221,12.9361,0,0,4749,162557633768
110.526,9.04767,22.7564,0,99,66,62,1890,6801,4.24377,220,12.9361,0,0,4647,162657762082
112.655,8.87663,22.7564,0,99,66,62,1890,6801,4.24377,220,12.9361,0,0,4647,162757861707
113.386,8.81946,22.7564,0,99,66,62,1890,6801,4.24377,220,12.9361,0,0,4647,162857946811
141.483,7.06798,22.7564,0,99,66,62,1890,6801,4.24377,220,12.9361,0,0,4647,162958035626
135.062,7.40403,22.7564,0,99,66,62,1890,6801,4.24377,220,12.9361,0,0,4647,163058119030
154.659,6.46585,21.7147,0,99,66,62,1890,6801,4.24436,219,12.947,0,0,4674,163158210935
137.385,7.2788,21.7147,0,99,66,62,1890,6801,4.24436,219,12.947,0,0,4674,163258325949
131.491,7.6051,21.7147,0,99,66,62,1890,6801,4.24436,219,12.947,0,0,4674,163358417594
125.93,7.94094,21.7147,0,99,66,62,1890,6801,4.24436,219,12.947,0,0,4674,163458461608
113.621,8.8012,21.7147,0,99,66,62,1890,6801,4.24436,219,12.947,0,0,4674,163558558393
149.918,6.6703,21.7147,0,99,66,62,1890,6801,4.24436,219,12.947,0,0,4674,163658675557
124.283,8.04615,19.9681,0,99,66,62,1890,6801,4.24963,214,12.9455,0,0,4670,163758768322
134.458,7.43724,19.9681,0,99,66,62,1890,6801,4.24963,214,12.9455,0,0,4670,163858876086
115.536,8.65532,19.9681,0,99,66,62,1890,6801,4.24963,214,12.9455,0,0,4670,163958965281
144.827,6.90481,19.9681,0,99,66,62,1890,6801,4.24963,214,12.9455,0,0,4670,164059071825
146.333,6.83375,20.5556,0,99,66,62,1890,6801,4.24377,210,12.9456,0,0,4699,164159168720
129.345,7.73124,20.5556,0,99,66,62,1890,6801,4.24377,210,12.9456,0,0,4699,164259255234
126.262,7.92007,20.5556,0,99,66,62,1890,6801,4.24377,210,12.9456,0,0,4699,164359379449
140.257,7.12978,20.5556,0,99,66,62,1890,6801,4.24377,210,12.9456,0,0,4699,164459476583
143.712,6.95835,20.5556,0,99,66,62,1890,6801,4.24377,210,12.9456,0,0,4699,164559592438
148.679,6.72591,24.5823,0,99,66,62,1890,6801,4.24436,215,12.9455,0,0,4656,164659678962
121.15,8.25423,24.5823,0,99,66,62,1890,6801,4.24436,215,12.9455,0,0,4656,164759746207
128.327,7.7926,24.5823,0,99,66,62,1890,6801,4.24436,215,12.9455,0,0,4656,164859843181
149.741,6.67822,24.5823,0,99,66,62,1890,6801,4.24436,215,12.9455,0,0,4656,164959932336
121.454,8.23355,24.5823,0,99,66,62,1890,6801,4.24436,215,12.9455,0,0,4656,165060018700
126.187,7.92473,20.1908,0,97,66,62,1890,6801,4.23752,217,12.9465,0,0,4737,165160101875
125.474,7.9698,20.1908,0,97,66,62,1890,6801,4.23752,217,12.9465,0,0,4737,165260185369
128.813,7.76321,20.1908,0,97,66,62,1890,6801,4.23752,217,12.9465,0,0,4737,165360275334
138.397,7.22557,20.1908,0,97,66,62,1890,6801,4.23752,217,12.9465,0,0,4737,165460361138
134.418,7.43946,20.1908,0,97,66,62,1890,6801,4.23752,217,12.9465,0,0,4737,165560456433
144.805,6.90582,20.1908,0,97,66,62,1890,6801,4.23752,217,12.9465,0,0,4737,165660554517
154.981,6.45239,20.1908,0,98,67,62,1890,6801,4.23401,217,12.946,0,0,4669,165760647992
122.766,8.14557,20.1908,0,98,67,62,1890,6801,4.23401,217,12.946,0,0,4669,165860729606
158.491,6.3095,20.1908,0,98,67,62,1890,6801,4.23401,217,12.946,0,0,4669,165960813481
133.408,7.49579,20.1908,0,98,67,62,1890,6801,4.23401,217,12.946,0,0,4669,166060909685
131.657,7.59549,18.6946,0,99,67,62,1890,6801,4.23401,219,12.9485,0,0,4650,166160993070
103.828,9.63127,18.6946,0,99,67,62,1890,6801,4.23401,219,12.9485,0,0,4650,166261076344
125.95,7.93967,18.6946,0,99,67,62,1890,6801,4.23401,219,12.9485,0,0,4650,166361183949
93.641,10.6791,18.6946,0,99,67,62,1890,6801,4.23401,219,12.9485,0,0,4650,166461274833
126.84,7.88394,18.6946,0,99,67,62,1890,6801,4.23401,219,12.9485,0,0,4650,166561366688
120.067,8.32868,23.1373,0,99,67,62,1890,6801,4.23401,219,12.9502,0,0,4682,166661445682
138.871,7.20093,23.1373,0,99,67,62,1890,6801,4.23401,219,12.9502,0,0,4682,166761513697
143.91,6.9488,23.1373,0,99,67,62,1890,6801,4.23401,219,12.9502,0,0,4682,166861629471
134.639,7.42727,23.1373,0,99,67,62,1890,6801,4.23401,219,12.9502,0,0,4682,166961710875
141.743,7.05502,23.1373,0,99,67,62,1890,6801,4.23401,219,12.9502,0,0,4682,167061799180
126.895,7.88051,24.2496,0,99,67,62,1890,6801,4.23401,220,12.9499,0,0,4649,167161881634
142.772,7.00419,24.2496,0,99,67,62,1890,6801,4.23401,220,12.9499,0,0,4649,167261966039
121.567,8.22595,24.2496,0,99,67,62,1890,6801,4.23401,220,12.9499,0,0,4649,167362043063
148.667,6.72646,24.2496,0,99,67,62,1890,6801,4.23401,220,12.9499,0,0,4649,167462101188
149.451,6.69115,24.2496,0,99,67,62,1890,6801,4.23401,220,12.9499,0,0,4649,167562192042
123.421,8.10233,24.2496,0,99,67,62,1890,6801,4.23401,220,12.9499,0,0,4649,167662278347
61.9256,16.1484,20.8565,0,99,69,63,1890,6801,4.23606,220,12.9493,0,0,4620,167762362531
74.3569,13.4486,20.8565,0,99,69,63,1890,6801,4.23606,220,12.9493,0,0,4620,167862451696
103.994,9.61594,20.8565,0,99,69,63,1890,6801,4.23606,220,12.9493,0,0,4620,167962534210
100.339,9.96626,20.8565,0,99,69,63,1890,6801,4.23606,220,12.9493,0,0,4620,168062628685
87.1253,11.4777,26.1009,0,99,69,63,1890,6801,4.23665,226,12.9621,0,0,4650,168162673689
101.803,9.82293,26.1009,0,99,69,63,1890,6801,4.23665,226,12.9621,0,0,4650,168262790004
91.7834,10.8952,26.1009,0,99,69,63,1890,6801,4.23665,226,12.9621,0,0,4650,168362873138
114.124,8.76242,26.1009,0,99,69,63,1890,6801,4.23665,226,12.9621,0,0,4650,168462957183
109.041,9.17088,26.1009,0,99,69,63,1890,6801,4.23665,226,12.9621,0,0,4650,168563043317
95.553,10.4654,23.5107,0,74,69,61,1890,6801,4.25061,221,12.9636,0,0,4600,168663125592
106.551,9.38515,23.5107,0,74,69,61,1890,6801,4.25061,221,12.9636,0,0,4600,168763212536
130.874,7.64093,23.5107,0,74,69,61,1890,6801,4.25061,221,12.9636,0,0,4600,168863295151
89.8023,11.1356,23.5107,0,74,69,61,1890,6801,4.25061,221,12.9636,0,0,4600,168963378435
98.2957,10.1734,23.5107,0,74,69,61,1890,6801,4.25061,221,12.9636,0,0,4600,169063466270
100.475,9.95273,25.2188,0,79,69,61,1890,6801,4.24963,211,12.9631,0,0,4649,169163549624
88.3378,11.3202,25.2188,0,79,69,61,1890,6801,4.24963,211,12.9631,0,0,4649,169263638569
109.5,9.13244,25.2188,0,79,69,61,1890,6801,4.24963,211,12.9631,0,0,4649,169363727423
103.238,9.68639,25.2188,0,79,69,61,1890,6801,4.24963,211,12.9631,0,0,4649,169463820808
113.373,8.82044,25.2188,0,79,69,61,1890,6801,4.24963,211,12.9631,0,0,4649,169563906802
108.037,9.25611,25.2188,0,79,69,61,1890,6801,4.24963,211,12.9631,0,0,4649,169664001387
110.612,9.04065,25.2366,0,99,69,63,1890,6801,4.24963,217,12.9707,0,0,4603,169764133871
71.1061,14.0635,25.2366,0,99,69,63,1890,6801,4.24963,217,12.9707,0,0,4603,169864217066
81.4006,12.2849,25.2366,0,99,69,63,1890,6801,4.24963,217,12.9707,0,0,4603,169964305600
89.6192,11.1583,25.2366,0,99,69,63,1890,6801,4.24963,217,12.9707,0,0,4603,170064391905
97.2409,10.2837,25.099,0,96,69,63,1890,6801,4.24426,224,12.9775,0,0,4645,170164481829
95.8181,10.4364,25.099,0,96,69,63,1890,6801,4.24426,224,12.9775,0,0,4645,170264564284
91.9773,10.8722,25.099,0,96,69,63,1890,6801,4.24426,224,12.9775,0,0,4645,170364618368
126.504,7.90486,25.099,0,96,69,63,1890,6801,4.24426,224,12.9775,0,0,4645,170464709143
102.822,9.72554,25.099,0,96,69,63,1890,6801,4.24426,224,12.9775,0,0,4645,170564798697
114.396,8.74158,26.746,0,91,69,62,1890,6801,4.23948,226,12.9986,0,0,4664,170664879642
120.311,8.31182,26.746,0,91,69,62,1890,6801,4.23948,226,12.9986,0,0,4664,170764969836
128.737,7.76777,26.746,0,91,69,62,1890,6801,4.23948,226,12.9986,0,0,4664,170865060661
101.344,9.86737,26.746,0,91,69,62,1890,6801,4.23948,226,12.9986,0,0,4664,170965147675
81.378,12.2883,26.746,0,91,69,62,1890,6801,4.23948,226,12.9986,0,0,4664,171065259050
117.852,8.48524,28.8538,0,97,69,62,1890,6801,4.24084,224,13.0124,0,0,4649,171165341574
134.683,7.42486,28.8538,0,97,69,62,1890,6801,4.24084,224,13.0124,0,0,4649,171265426929
98.5958,10.1424,28.8538,0,97,69,62,1890,6801,4.24084,224,13.0124,0,0,4649,171365515103
112.537,8.886,28.8538,0,97,69,62,1890,6801,4.24084,224,13.0124,0,0,4649,171465583788
96.6691,10.3446,28.8538,0,97,69,62,1890,6801,4.24084,224,13.0124,0,0,4649,171565674142
94.4707,10.5853,28.8538,0,97,69,62,1890,6801,4.24084,224,13.0124,0,0,4649,171665772756
121.8,8.21015,24.168,0,89,70,61,1890,6801,4.24924,216,13.016,0,0,4669,171765880791
103.38,9.67308,24.168,0,89,70,61,1890,6801,4.24924,216,13.016,0,0,4669,171865964495
99.0017,10.1008,24.168,0,89,70,61,1890,6801,4.24924,216,13.016,0,0,4669,171966047930
102.274,9.77764,24.168,0,89,70,61,1890,6801,4.24924,216,13.016,0,0,4669,172066140614
115.473,8.66007,24.168,0,89,70,61,1890,6801,4.24924,216,13.016,0,0,4669,172166225709
96.6122,10.3507,20.1587,0,95,70,62,1890,6801,4.2512,210,13.0163,0,0,4719,172266312903
110.459,9.0531,20.1587,0,95,70,62,1890,6801,4.2512,210,13.0163,0,0,4719,172366396828
109.844,9.10383,20.1587,0,95,70,62,1890,6801,4.2512,210,13.0163,0,0,4719,172466484542
102.052,9.79896,20.1587,0,95,70,62,1890,6801,4.2512,210,13.0163,0,0,4719,172566568617
103.863,9.62807,20.1587,0,95,70,62,1890,6801,4.2512,210,13.0163,0,0,4719,172666652571
125.744,7.95269,18.1165,0,95,70,62,1890,6801,4.2512,210,13.0165,0,0,4632,172766739966
112.117,8.91926,18.1165,0,95,70,62,1890,6801,4.2512,210,13.0165,0,0,4632,172866832410
130.639,7.65471,18.1165,0,95,70,62,1890,6801,4.2512,210,13.0165,0,0,4632,172966918805
133.444,7.49378,18.1165,0,95,70,62,1890,6801,4.2512,210,13.0165,0,0,4632,173067004769
140.28,7.12861,18.1165,0,95,70,62,1890,6801,4.2512,210,13.0165,0,0,4632,173167090694
118.374,8.44777,21.8153,0,99,70,63,1890,6801,4.24905,219,13.0161,0,0,4702,173267175998
127.869,7.82051,21.8153,0,99,70,63,1890,6801,4.24905,219,13.0161,0,0,4702,173367268273
143.079,6.98913,21.8153,0,99,70,63,1890,6801,4.24905,219,13.0161,0,0,4702,173467372657
137.919,7.25064,21.8153,0,99,70,63,1890,6801,4.24905,219,13.0161,0,0,4702,173567451172
92.27,10.8378,21.8153,0,99,70,63,1890,6801,4.24905,219,13.0161,0,0,4702,173667537566
125.123,7.99212,21.8153,0,99,70,63,1890,6801,4.24905,219,13.0161,0,0,4702,173767615271
106.15,9.42059,21.4797,0,99,69,63,1890,6801,4.24768,229,13.0155,0,0,4699,173867705295
116.61,8.57556,21.4797,0,99,69,63,1890,6801,4.24768,229,13.0155,0,0,4699,173967767300
118.678,8.42619,21.4797,0,99,69,63,1890,6801,4.24768,229,13.0155,0,0,4699,174067853254
121.242,8.24797,21.4797,0,99,69,63,1890,6801,4.24768,229,13.0155,0,0,4699,174167944669
140.391,7.12296,22.0986,0,99,69,63,1890,6801,4.24924,232,13.0008,0,0,4686,174268031903
108.185,9.24346,22.0986,0,99,69,63,1890,6801,4.24924,232,13.0008,0,0,4686,174368137218
127.395,7.84959,22.0986,0,99,69,63,1890,6801,4.24924,232,13.0008,0,0,4686,174468250432
113.903,8.77942,22.0986,0,99,69,63,1890,6801,4.24924,232,13.0008,0,0,4686,174568340437
105.715,9.45944,22.0986,0,99,69,63,1890,6801,4.24924,232,13.0008,0,0,4686,174668425721
109.72,9.11409,19.8234,0,99,69,63,1890,6801,4.24963,230,13.0028,0,0,4695,174768511286
115.985,8.62179,19.8234,0,99,69,63,1890,6801,4.24963,230,13.0028,0,0,4695,174868603040
102.381,9.76743,19.8234,0,99,69,63,1890,6801,4.24963,230,13.0028,0,0,4695,174968709005
61.3991,16.2869,19.8234,0,99,69,63,1890,6801,4.24963,230,13.0028,0,0,4695,175068798629
113.56,8.80592,19.8234,0,99,69,63,1890,6801,4.24963,230,13.0028,0,0,4695,175168835674
103.255,9.68477,22.8346,0,99,69,63,1890,6801,4.24905,226,13.0022,0,0,4700,175268928518
119.299,8.38232,22.8346,0,99,69,63,1890,6801,4.24905,226,13.0022,0,0,4700,175369027913
125.633,7.95969,22.8346,0,99,69,63,1890,6801,4.24905,226,13.0022,0,0,4700,175469111057
381.62,2.62041,22.8346,0,99,69,63,1890,6801,4.24905,226,13.0022,0,0,4700,175569196752
98.0562,10.1982,22.8346,0,99,69,63,1890,6801,4.24905,226,13.0022,0,0,4700,175669285096
101.923,9.81131,22.8346,0,99,69,63,1890,6801,4.24905,226,13.0022,0,0,4700,175769377591
89.3782,11.1884,24.1078,0,99,68,63,1890,6801,4.24963,228,12.9891,0,0,4599,175869469845
60.0348,16.657,24.1078,0,99,68,63,1890,6801,4.24963,228,12.9891,0,0,4599,175969564430
105.495,9.47913,24.1078,0,99,68,63,1890,6801,4.24963,228,12.9891,0,0,4599,176069644214
98.6623,10.1356,24.1078,0,99,68,63,1890,6801,4.24963,228,12.9891,0,0,4599,176169724468
101.694,9.83347,17.534,0,95,68,62,1890,6801,4.2512,223,12.9901,0,0,4697,176269805643
97.0008,10.3092,17.534,0,95,68,62,1890,6801,4.2512,223,12.9901,0,0,4697,176369889307
98.4052,10.1621,17.534,0,95,68,62,1890,6801,4.2512,223,12.9901,0,0,4697,176469975452
160.785,6.21948,17.534,0,95,68,62,1890,6801,4.2512,223,12.9901,0,0,4697,176570058786
120.485,8.29981,17.534,0,95,68,62,1890,6801,4.2512,223,12.9901,0,0,4697,176670106631
133.855,7.47079,17.0654,0,99,68,64,1890,6801,4.24963,224,12.9953,0,0,4682,176770191635
117.536,8.508,17.0654,0,99,68,64,1890,6801,4.24963,224,12.9953,0,0,4682,176870285160
120.708,8.28446,17.0654,0,99,68,64,1890,6801,4.24963,224,12.9953,0,0,4682,176970374624
116.789,8.56248,17.0654,0,99,68,64,1890,6801,4.24963,224,12.9953,0,0,4682,177070430529
268.457,3.72499,17.0654,0,99,68,64,1890,6801,4.24963,224,12.9953,0,0,4682,177170516543
116.824,8.55988,19.8098,0,99,68,63,1890,6801,4.24407,235,13.0012,0,0,4671,177270612908
127.583,7.83804,19.8098,0,99,68,63,1890,6801,4.24407,235,13.0012,0,0,4671,177370703682
137.352,7.28058,19.8098,0,99,68,63,1890,6801,4.24407,235,13.0012,0,0,4671,177470793177
130.969,7.63541,19.8098,0,99,68,63,1890,6801,4.24407,235,13.0012,0,0,4671,177570879271
125.87,7.94469,19.8098,0,99,68,63,1890,6801,4.24407,235,13.0012,0,0,4671,177670964716
128.388,7.78891,19.8098,0,99,68,63,1890,6801,4.24407,235,13.0012,0,0,4671,177771045140
126.348,7.91463,20.3937,0,99,67,63,1890,6801,4.24768,232,13.0029,0,0,4628,177871136345
123.003,8.12991,20.3937,0,99,67,63,1890,6801,4.24768,232,13.0029,0,0,4628,177971225679
123.497,8.09737,20.3937,0,99,67,63,1890,6801,4.24768,232,13.0029,0,0,4628,178071308984
141.342,7.07502,20.3937,0,99,67,63,1890,6801,4.24768,232,13.0029,0,0,4628,178171400278
122.791,8.14392,20.6161,0,99,67,63,1890,6801,4.24768,232,12.979,0,0,4649,178271480423
110.904,9.01683,20.6161,0,99,67,63,1890,6801,4.24768,232,12.979,0,0,4649,178371567067
104.975,9.52611,20.6161,0,99,67,63,1890,6801,4.24768,232,12.979,0,0,4649,178471655202
100.009,9.99908,20.6161,0,99,67,63,1890,6801,4.24768,232,12.979,0,0,4649,178571745016
96.7763,10.3331,20.6161,0,99,67,63,1890,6801,4.24768,232,12.979,0,0,4649,178671828191
109.411,9.13989,17.4781,0,90,67,62,1890,6801,4.24963,221,12.9797,0,0,4695,178771913955
114.09,8.76501,17.4781,0,90,67,62,1890,6801,4.24963,221,12.9797,0,0,4695,178872001910
114.313,8.74793,17.4781,0,90,67,62,1890,6801,4.24963,221,12.9797,0,0,4695,178972122744
131.242,7.6195,17.4781,0,90,67,62,1890,6801,4.24963,221,12.9797,0,0,4695,179072214919
132.66,7.53807,17.4781,0,90,67,62,1890,6801,4.24963,221,12.9797,0,0,4695,179172269953
103.573,9.655,19.6669,0,90,67,62,1890,6801,4.24963,220,12.976,0,0,4626,179272371338
109.86,9.10246,19.6669,0,90,67,62,1890,6801,4.24963,220,12.976,0,0,4626,179372457212
118.573,8.43359,19.6669,0,90,67,62,1890,6801,4.24963,220,12.976,0,0,4626,179472544467
138.324,7.2294,19.6669,0,90,67,62,1890,6801,4.24963,220,12.976,0,0,4626,179572629071
126.094,7.93059,19.6669,0,90,67,62,1890,6801,4.24963,220,12.976,0,0,4626,179672695416
111.993,8.92912,19.6669,0,90,67,62,1890,6801,4.24963,220,12.976,0,0,4626,179772786570
160.372,6.2355,19.3218,0,99,65,63,1890,6801,4.24846,226,12.9851,0,0,4674,179872889585
113.223,8.83211,19.3218,0,99,65,63,1890,6801,4.24846,226,12.9851,0,0,4674,179972976799
133.676,7.48075,19.3218,0,99,65,63,1890,6801,4.24846,226,12.9851,0,0,4674,180073065304
123.995,8.06486,19.3218,0,99,65,63,1890,6801,4.24846,226,12.9851,0,0,4674,180173154638
108.825,9.18903,23.6465,0,99,65,63,1890,6801,4.24612,233,12.9787,0,0,4658,180273253733
98.2878,10.1742,23.6465,0,99,65,63,1890,6801,4.24612,233,12.9787,0,0,4658,180373346677
98.8193,10.1195,23.6465,0,99,65,63,1890,6801,4.24612,233,12.9787,0,0,4658,180473429402
95.7209,10.447,23.6465,0,99,65,63,1890,6801,4.24612,233,12.9787,0,0,4658,180573510196
97.8025,10.2247,23.6465,0,99,65,63,1890,6801,4.24612,233,12.9787,0,0,4658,180673599011
100.747,9.92584,23.2057,0,99,65,63,1890,6801,4.24993,231,13.0142,0,0,4723,180773698125
113.23,8.83156,23.2057,0,99,65,63,1890,6801,4.24993,231,13.0142,0,0,4723,180873841519
101.438,9.85826,23.2057,0,99,65,63,1890,6801,4.24993,231,13.0142,0,0,4723,180973945194
116.352,8.59464,23.2057,0,99,65,63,1890,6801,4.24993,231,13.0142,0,0,4723,181074053328
60.9755,16.4,23.2057,0,99,65,63,1890,6801,4.24993,231,13.0142,0,0,4723,181174155513
110.43,9.05551,18.8337,0,87,65,62,1890,6801,4.25022,222,12.9916,0,0,4649,181274268877
106.235,9.41312,18.8337,0,87,65,62,1890,6801,4.25022,222,12.9916,0,0,4649,181374353982
108.13,9.24812,18.8337,0,87,65,62,1890,6801,4.25022,222,12.9916,0,0,4649,181474436386
121.669,8.21903,18.8337,0,87,65,62,1890,6801,4.25022,222,12.9916,0,0,4649,181574525731
134.955,7.40986,18.8337,0,87,65,62,1890,6801,4.25022,222,12.9916,0,0,4649,181674632615
120.699,8.28509,18.8337,0,87,65,62,1890,6801,4.25022,222,12.9916,0,0,4649,181774725220
110.533,9.04704,18.5331,0,99,66,63,1890,6801,4.24612,222,13.0023,0,0,4681,181874826354
103.192,9.69067,18.5331,0,99,66,63,1890,6801,4.24612,222,13.0023,0,0,4681,181974919949
136.967,7.30101,18.5331,0,99,66,63,1890,6801,4.24612,222,13.0023,0,0,4681,182075050973
115.491,8.65869,18.5331,0,99,66,63,1890,6801,4.24612,222,13.0023,0,0,4681,182175158138
102.383,9.76727,18.5331,0,99,66,63,1890,6801,4.24612,222,13.0023,0,0,4681,182275254182
103.75,9.63859,20.56,0,99,66,63,1890,6801,4.23743,228,12.9929,0,0,4699,182375345007
112.298,8.90487,20.56,0,99,66,63,1890,6801,4.23743,228,12.9929,0,0,4699,182475434321
90.0123,11.1096,20.56,0,99,66,63,1890,6801,4.23743,228,12.9929,0,0,4699,182575532866
104.581,9.56201,20.56,0,99,66,63,1890,6801,4.23743,228,12.9929,0,0,4699,182675615680
99.9385,10.0062,20.56,0,99,66,63,1890,6801,4.23743,228,12.9929,0,0,4699,182775704305
122.594,8.157,25.3791,0,97,66,63,1890,6801,4.25139,233,12.9974,0,0,4649,182875797149
96.8214,10.3283,25.3791,0,97,66,63,1890,6801,4.25139,233,12.9974,0,0,4649,182975889544
103.281,9.68233,25.3791,0,97,66,63,1890,6801,4.25139,233,12.9974,0,0,4649,183075981588
116.757,8.56481,25.3791,0,97,66,63,1890,6801,4.25139,233,12.9974,0,0,4649,183176063723
133.126,7.51169,25.3791,0,97,66,63,1890,6801,4.25139,233,12.9974,0,0,4649,183276151437
114.182,8.75795,21.463,0,94,66,62,1890,6801,4.25823,226,12.9994,0,0,4648,183376252632
115.787,8.63652,21.463,0,94,66,62,1890,6801,4.25823,226,12.9994,0,0,4648,183476341636
109.08,9.16755,21.463,0,94,66,62,1890,6801,4.25823,226,12.9994,0,0,4648,183576437471
104.704,9.5507,21.463,0,94,66,62,1890,6801,4.25823,226,12.9994,0,0,4648,183676522915
115.512,8.65714,21.463,0,94,66,62,1890,6801,4.25823,226,12.9994,0,0,4648,183776602610
113.592,8.80346,17.7653,0,97,65,62,1890,6801,4.24377,219,13,0,0,4724,183876735074
109.83,9.10499,17.7653,0,97,65,62,1890,6801,4.24377,219,13,0,0,4724,183976822569
106.177,9.41825,17.7653,0,97,65,62,1890,6801,4.24377,219,13,0,0,4724,184076903573
90.8096,11.012,17.7653,0,97,65,62,1890,6801,4.24377,219,13,0,0,4724,184176995918
61.866,16.164,17.7653,0,97,65,62,1890,6801,4.24377,219,13,0,0,4724,184277088892
114.805,8.71039,20.6704,0,97,65,62,1890,6801,4.24377,219,12.9924,0,0,4698,184377189207
106.479,9.39149,20.6704,0,97,65,62,1890,6801,4.24377,219,12.9924,0,0,4698,184477298991
123.614,8.08973,20.6704,0,97,65,62,1890,6801,4.24377,219,12.9924,0,0,4698,184577391246
105.346,9.49255,20.6704,0,97,65,62,1890,6801,4.24377,219,12.9924,0,0,4698,184677477100
127.833,7.82269,20.6704,0,97,65,62,1890,6801,4.24377,219,12.9924,0,0,4698,184777567875
99.0458,10.0963,24.1297,0,99,65,63,1890,6801,4.24377,222,13.0027,0,0,4724,184877651009
120.208,8.31891,24.1297,0,99,65,63,1890,6801,4.24377,222,13.0027,0,0,4724,184977735584
117.19,8.53313,24.1297,0,99,65,63,1890,6801,4.24377,222,13.0027,0,0,4724,185077825368
101.35,9.86679,24.1297,0,99,65,63,1890,6801,4.24377,222,13.0027,0,0,4724,185177904252
112.564,8.8838,24.1297,0,99,65,63,1890,6801,4.24377,222,13.0027,0,0,4724,185277999667
114.295,8.7493,22.5935,0,99,65,63,1890,6801,4.25305,231,12.9943,0,0,4600,185378123981
134.135,7.45518,22.5935,0,99,65,63,1890,6801,4.25305,231,12.9943,0,0,4600,185478228846
118.905,8.41009,22.5935,0,99,65,63,1890,6801,4.25305,231,12.9943,0,0,4600,185578316160
111.194,8.99326,22.5935,0,99,65,63,1890,6801,4.25305,231,12.9943,0,0,4600,185678397205
98.5314,10.149,22.5935,0,99,65,63,1890,6801,4.25305,231,12.9943,0,0,4600,185778486169
108.362,9.22837,22.5935,0,99,65,63,1890,6801,4.25305,231,12.9943,0,0,4600,185878597444
112.835,8.86253,19.3038,0,99,67,63,1890,6801,4.25354,231,13.0001,0,0,4700,185978687298
112.943,8.85404,19.3038,0,99,67,63,1890,6801,4.25354,231,13.0001,0,0,4700,186078773593
98.5434,10.1478,19.3038,0,99,67,63,1890,6801,4.25354,231,13.0001,0,0,4700,186178870307
118.269,8.45533,19.3038,0,99,67,63,1890,6801,4.25354,231,13.0001,0,0,4700,186278958642
115.922,8.6265,21.6867,0,99,67,63,1890,6801,4.25647,228,13.0073,0,0,4650,186379059936
104.564,9.56351,21.6867,0,99,67,63,1890,6801,4.25647,228,13.0073,0,0,4650,186479152061
107.381,9.3126,21.6867,0,99,67,63,1890,6801,4.25647,228,13.0073,0,0,4650,186579257235
121.356,8.24021,21.6867,0,99,67,63,1890,6801,4.25647,228,13.0073,0,0,4650,186679356040
107.734,9.28208,21.6867,0,99,67,63,1890,6801,4.25647,228,13.0073,0,0,4650,186779438894
105.745,9.45667,25.4197,0,98,67,62,1890,6801,4.25549,232,13.0234,0,0,4650,186879537299
112.467,8.89148,25.4197,0,98,67,62,1890,6801,4.25549,232,13.0234,0,0,4650,186979627103
176.132,5.67755,25.4197,0,98,67,62,1890,6801,4.25549,232,13.0234,0,0,4650,187079726548
151.506,6.6004,25.4197,0,98,67,62,1890,6801,4.25549,232,13.0234,0,0,4650,187179799662
140.08,7.13878,25.4197,0,98,67,62,1890,6801,4.25549,232,13.0234,0,0,4650,187279881917
132.24,7.56199,22.72,0,89,67,62,1890,6801,4.2468,227,13.0098,0,0,4724,187379966921
144.879,6.90229,22.72,0,89,67,62,1890,6801,4.2468,227,13.0098,0,0,4724,187480047716
115.535,8.65538,22.72,0,89,67,62,1890,6801,4.2468,227,13.0098,0,0,4724,187580134680
120.396,8.30595,22.72,0,89,67,62,1890,6801,4.2468,227,13.0098,0,0,4724,187680216645
123.016,8.12904,22.72,0,89,67,62,1890,6801,4.2468,227,13.0098,0,0,4724,187780304509
119.804,8.34697,22.72,0,89,67,62,1890,6801,4.2468,227,13.0098,0,0,4724,187880396164
131.271,7.61784,16.9586,0,92,66,62,1890,6801,4.23665,215,13.009,0,0,4674,187980487148
123.635,8.0883,16.9586,0,92,66,62,1890,6801,4.23665,215,13.009,0,0,4674,188080597083
130.765,7.6473,16.9586,0,92,66,62,1890,6801,4.23665,215,13.009,0,0,4674,188180687267
118.908,8.40987,16.9586,0,92,66,62,1890,6801,4.23665,215,13.009,0,0,4674,188280771372
125.313,7.98004,17.2086,0,99,66,63,1890,6801,4.23401,215,13.0092,0,0,4724,188380819196
123.056,8.1264,17.2086,0,99,66,63,1890,6801,4.23401,215,13.0092,0,0,4724,188480902811
128.203,7.80014,17.2086,0,99,66,63,1890,6801,4.23401,215,13.0092,0,0,4724,188580986135
115.445,8.66212,17.2086,0,99,66,63,1890,6801,4.23401,215,13.0092,0,0,4724,188681090250
128.135,7.8043,17.2086,0,99,66,63,1890,6801,4.23401,215,13.0092,0,0,4724,188781176274
140.641,7.11032,16.9856,0,99,66,63,1890,6801,4.23401,224,13.0079,0,0,4724,188881261719
142.738,7.00585,16.9856,0,99,66,63,1890,6801,4.23401,224,13.0079,0,0,4724,188981357693
126.259,7.9202,16.9856,0,99,66,63,1890,6801,4.23401,224,13.0079,0,0,4724,189081454928
140.396,7.12272,16.9856,0,99,66,63,1890,6801,4.23401,224,13.0079,0,0,4724,189181544322
143.032,6.99145,16.9856,0,99,66,63,1890,6801,4.23401,224,13.0079,0,0,4724,189281636597
128.445,7.78545,17.9405,0,99,66,63,1890,6801,4.23459,229,13.0085,0,0,4750,189381729061
135.859,7.3606,17.9405,0,99,66,63,1890,6801,4.23459,229,13.0085,0,0,4750,189481819025
121.36,8.23997,17.9405,0,99,66,63,1890,6801,4.23459,229,13.0085,0,0,4750,189581901520
127.574,7.83857,17.9405,0,99,66,63,1890,6801,4.23459,229,13.0085,0,0,4750,189681988994
126.908,7.87972,17.9405,0,99,66,63,1890,6801,4.23459,229,13.0085,0,0,4750,189782080779
128.572,7.77772,17.9405,0,99,66,63,1890,6801,4.23459,229,13.0085,0,0,4750,189882171893
131.567,7.60069,19.2032,0,99,65,63,1890,6801,4.2387,229,13.013,0,0,4712,189982259468
128.886,7.75882,19.2032,0,99,65,63,1890,6801,4.2387,229,13.013,0,0,4712,190082346302
126.719,7.89146,19.2032,0,99,65,63,1890,6801,4.2387,229,13.013,0,0,4712,190182428167
127.328,7.85371,19.2032,0,99,65,63,1890,6801,4.2387,229,13.013,0,0,4712,190282521661
135.768,7.3655,19.6838,0,99,65,63,1890,6801,4.2387,229,13.0136,0,0,4625,190382645006
136.412,7.33072,19.6838,0,99,65,63,1890,6801,4.2387,229,13.0136,0,0,4625,190482737020
126.562,7.90128,19.6838,0,99,65,63,1890,6801,4.2387,229,13.0136,0,0,4625,190582831475
141.715,7.05643,19.6838,0,99,65,63,1890,6801,4.2387,229,13.0136,0,0,4625,190682927379
151.042,6.62066,19.6838,0,99,65,63,1890,6801,4.2387,229,13.0136,0,0,4625,190783017554
146.348,6.83303,18.3347,0,99,65,63,1890,6801,4.23665,229,13.0134,0,0,4625,190883112748
153.344,6.52129,18.3347,0,99,65,63,1890,6801,4.23665,229,13.0134,0,0,4625,190983207023
138.248,7.23338,18.3347,0,99,65,63,1890,6801,4.23665,229,13.0134,0,0,4625,191083289807
121.77,8.21222,18.3347,0,99,65,63,1890,6801,4.23665,229,13.0134,0,0,4625,191183382302
122.558,8.1594,18.3347,0,99,65,63,1890,6801,4.23665,229,13.0134,0,0,4625,191283483566
120.948,8.26804,21.3492,0,99,65,63,1890,6801,4.2343,229,13.0186,0,0,4600,191383567421
145.945,6.8519,21.3492,0,99,65,63,1890,6801,4.2343,229,13.0186,0,0,4600,191483654515
107.275,9.32185,21.3492,0,99,65,63,1890,6801,4.2343,229,13.0186,0,0,4600,191583747040
124.348,8.04194,21.3492,0,99,65,63,1890,6801,4.2343,229,13.0186,0,0,4600,191683843614
131.806,7.58693,21.3492,0,99,65,63,1890,6801,4.2343,229,13.0186,0,0,4600,191783947429
109.004,9.17394,21.3492,0,99,65,63,1890,6801,4.2343,229,13.0186,0,0,4600,191884048503
140.911,7.0967,20.96,0,99,66,63,1890,6801,4.23401,228,13.0187,0,0,4683,191984143298
118.88,8.41185,20.96,0,99,66,63,1890,6801,4.23401,228,13.0187,0,0,4683,192084232122
130.788,7.64597,20.96,0,99,66,63,1890,6801,4.23401,228,13.0187,0,0,4683,192184318247
146.48,6.82687,20.96,0,99,66,63,1890,6801,4.23401,228,13.0187,0,0,4683,192284404991
145.594,6.86843,20.6731,0,98,66,63,1890,6801,4.23401,226,13.0243,0,0,4628,192384497336
142.397,7.02262,20.6731,0,98,66,63,1890,6801,4.23401,226,13.0243,0,0,4628,192484586010
113.368,8.82081,20.6731,0,98,66,63,1890,6801,4.23401,226,13.0243,0,0,4628,192584679765
111.822,8.9428,20.6731,0,98,66,63,1890,6801,4.23401,226,13.0243,0,0,4628,192684854899
125.188,7.98798,20.6731,0,98,66,63,1890,6801,4.23401,226,13.0243,0,0,4628,192784945744
179.718,5.56426,23.9392,0,98,66,63,1890,6801,4.23401,223,13.0406,0,0,4673,192885034558
142.675,7.00892,23.9392,0,98,66,63,1890,6801,4.23401,223,13.0406,0,0,4673,192985151953
124.772,8.01462,23.9392,0,98,66,63,1890,6801,4.23401,223,13.0406,0,0,4673,193085239567
154.553,6.47029,23.9392,0,98,66,63,1890,6801,4.23401,223,13.0406,0,0,4673,193185560092
127.917,7.81757,23.9392,0,98,66,63,1890,6801,4.23401,223,13.0406,0,0,4673,193285647076
131.5,7.60458,21.6281,0,98,66,62,1890,6801,4.24231,222,13.0333,0,0,4600,193385737640
112.318,8.90328,21.6281,0,98,66,62,1890,6801,4.24231,222,13.0333,0,0,4600,193485829775
132.398,7.55301,21.6281,0,98,66,62,1890,6801,4.24231,222,13.0333,0,0,4600,193585920679
142.451,7.01997,21.6281,0,98,66,62,1890,6801,4.24231,222,13.0333,0,0,4600,193686020184
134.155,7.45405,21.6281,0,98,66,62,1890,6801,4.24231,222,13.0333,0,0,4600,193786111578
169.785,5.88981,21.6281,0,98,66,62,1890,6801,4.24231,222,13.0333,0,0,4600,193886223413
137.318,7.28237,22.0635,0,98,65,62,1890,6801,4.24377,219,13.0368,0,0,4646,193986313477
119.778,8.34879,22.0635,0,98,65,62,1890,6801,4.24377,219,13.0368,0,0,4646,194086397972
125.223,7.98573,22.0635,0,98,65,62,1890,6801,4.24377,219,13.0368,0,0,4646,194186478616
125.435,7.97223,22.0635,0,98,65,62,1890,6801,4.24377,219,13.0368,0,0,4646,194286568481
143.538,6.96682,22.49,0,99,65,63,1890,6801,4.24377,219,13.0361,0,0,4676,194386653005
148.58,6.73038,22.49,0,99,65,63,1890,6801,4.24377,219,13.0361,0,0,4676,194486762670
129.375,7.72949,22.49,0,99,65,63,1890,6801,4.24377,219,13.0361,0,0,4676,194586852844
127.492,7.84366,22.49,0,99,65,63,1890,6801,4.24377,219,13.0361,0,0,4676,194686893289
143.392,6.97388,22.49,0,99,65,63,1890,6801,4.24377,219,13.0361,0,0,4676,194786984483
135.063,7.40394,22.2133,0,97,65,62,1890,6801,4.24133,217,13.0418,0,0,4624,194887069538
137.155,7.29103,22.2133,0,97,65,62,1890,6801,4.24133,217,13.0418,0,0,4624,194987154942
137.96,7.24849,22.2133,0,97,65,62,1890,6801,4.24133,217,13.0418,0,0,4624,195087238437
128.941,7.7555,22.2133,0,97,65,62,1890,6801,4.24133,217,13.0418,0,0,4624,195187322781
95.9804,10.4188,22.2133,0,97,65,62,1890,6801,4.24133,217,13.0418,0,0,4624,195287405986
138.023,7.24516,21.0611,0,97,65,62,1890,6801,4.23401,213,13.0358,0,0,4624,195387492440
156.121,6.4053,21.0611,0,97,65,62,1890,6801,4.23401,213,13.0358,0,0,4624,195487598175
139.278,7.17991,21.0611,0,97,65,62,1890,6801,4.23401,213,13.0358,0,0,4624,195587689829
143.705,6.95872,21.0611,0,97,65,62,1890,6801,4.23401,213,13.0358,0,0,4624,195687777444
136.526,7.32463,21.0611,0,97,65,62,1890,6801,4.23401,213,13.0358,0,0,4624,195787865218
148.276,6.74416,21.0611,0,97,65,62,1890,6801,4.23401,213,13.0358,0,0,4624,195887923003
129.324,7.73251,20.6539,0,97,66,62,1890,6801,4.23401,215,13.0358,0,0,4625,195988033997
143.047,6.99071,20.6539,0,97,66,62,1890,6801,4.23401,215,13.0358,0,0,4625,196088146702
150.557,6.64199,20.6539,0,97,66,62,1890,6801,4.23401,215,13.0358,0,0,4625,196188232406
135.148,7.39928,20.6539,0,97,66,62,1890,6801,4.23401,215,13.0358,0,0,4625,196288320191
163.715,6.10817,17.454,0,97,66,62,1890,6801,4.23401,215,13.0365,0,0,4678,196388405215
144.951,6.89889,17.454,0,97,66,62,1890,6801,4.23401,215,13.0365,0,0,4678,196488494090
122.272,8.17846,17.454,0,97,66,62,1890,6801,4.23401,215,13.0365,0,0,4678,196588588144
128.465,7.78424,17.454,0,97,66,62,1890,6801,4.23401,215,13.0365,0,0,4678,196688673529
126.694,7.89305,17.454,0,97,66,62,1890,6801,4.23401,215,13.0365,0,0,4678,196788756913
135.08,7.40304,18.601,0,98,66,62,1890,6801,4.23401,220,13.0364,0,0,4749,196888855098
131.347,7.61345,18.601,0,98,66,62,1890,6801,4.23401,220,13.0364,0,0,4749,196988933312
128.991,7.75248,18.601,0,98,66,62,1890,6801,4.23401,220,13.0364,0,0,4749,197089015267
109.953,9.09477,18.601,0,98,66,62,1890,6801,4.23401,220,13.0364,0,0,4749,197189095691
151.259,6.61117,18.601,0,98,66,62,1890,6801,4.23401,220,13.0364,0,0,4749,197289179906
142.193,7.03269,12.24,0,99,66,63,1890,6801,4.23401,224,13.0388,0,0,4724,197389262180
183.24,5.45732,12.24,0,99,66,63,1890,6801,4.23401,224,13.0388,0,0,4724,197489342725
197.88,5.05356,12.24,0,99,66,63,1890,6801,4.23401,224,13.0388,0,0,4724,197589425669
166.758,5.99671,12.24,0,99,66,63,1890,6801,4.23401,224,13.0388,0,0,4724,197689507284
161.435,6.19445,12.24,0,99,66,63,1890,6801,4.23401,224,13.0388,0,0,4724,197789591138
164.792,6.06824,12.24,0,99,66,63,1890,6801,4.23401,224,13.0388,0,0,4724,197889678273
164.871,6.06534,12.8514,0,94,65,62,1890,6801,3.86829,221,13.0366,0,0,4725,197989759727
162.072,6.17011,12.8514,0,94,65,62,1890,6801,3.86829,221,13.0366,0,0,4725,198089843591
167.776,5.96034,12.8514,0,94,65,62,1890,6801,3.86829,221,13.0366,0,0,4725,198189927386
164.026,6.0966,12.8514,0,94,65,62,1890,6801,3.86829,221,13.0366,0,0,4725,198290014970
161.645,6.18639,10.8434,0,15,65,54,1890,6801,3.6676,151,13.0261,0,0,4749,198390099185
162.818,6.14183,10.8434,0,15,65,54,1890,6801,3.6676,151,13.0261,0,0,4749,198490180299
164.056,6.09549,10.8434,0,15,65,54,1890,6801,3.6676,151,13.0261,0,0,4749,198590265434
166.795,5.9954,10.8434,0,15,65,54,1890,6801,3.6676,151,13.0261,0,0,4749,198690346048
162.139,6.16755,10.8434,0,15,65,54,1890,6801,3.6676,151,13.0261,0,0,4749,198790425603
165.511,6.0419,11.2179,0,14,65,53,1890,6801,3.6676,86,13.0249,0,0,4710,198890506957
155.433,6.43365,11.2179,0,14,65,53,1890,6801,3.6676,86,13.0249,0,0,4710,198990571532
129.458,7.72449,11.2179,0,14,65,53,1890,6801,3.6676,86,13.0249,0,0,4710,199090658546
75.5997,13.2276,11.2179,0,14,65,53,1890,6801,3.6676,86,13.0249,0,0,4710,199190741551
75.5997,13.2276,11.2179,0,14,65,53,1890,6801,3.6676,86,13.0249,0,0,4710,199290823445
75.5997,13.2276,11.2179,0,14,65,53,1890,6801,3.6676,86,13.0249,0,0,4710,199390906050
75.5997,13.2276,11.2179,0,14,65,53,1890,6801,3.6676,86,13.0249,0,0,4710,199490967164
75.5997,13.2276,11.2179,0,14,65,53,1890,6801,3.6676,86,13.0249,0,0,4710,199591042249
75.5997,13.2276,11.2179,0,14,65,53,1890,6801,3.6676,86,13.0249,0,0,4710,199691129173
1.74163,574.174,11.2179,0,14,65,53,1890,6801,3.6676,86,13.0249,0,0,4710,199791248228
1.74163,574.174,8.77609,0,21,64,53,1812,6801,4.2345,77,13.0824,0,0,4724,199891326992
1.74163,574.174,8.77609,0,21,64,53,1812,6801,4.2345,77,13.0824,0,0,4724,199991417507
4.04627,247.141,8.77609,0,21,64,53,1812,6801,4.2345,77,13.0824,0,0,4724,200091493181
6.10662,163.757,8.77609,0,21,64,53,1812,6801,4.2345,77,13.0824,0,0,4724,200191574976
6.10662,163.757,8.77609,0,21,64,53,1812,6801,4.2345,77,13.0824,0,0,4724,200291665320
7.2099,138.698,12.2189,0,6,64,52,1890,6801,4.4766,83,13.1245,0,0,4678,200391745595
8.36975,119.478,12.2189,0,6,64,52,1890,6801,4.4766,83,13.1245,0,0,4678,200491825589
8.36975,119.478,12.2189,0,6,64,52,1890,6801,4.4766,83,13.1245,0,0,4678,200591902384
154.32,6.48005,12.2189,0,6,64,52,1890,6801,4.4766,83,13.1245,0,0,4678,200691982898
85.7479,11.6621,12.2189,0,6,64,52,1890,6801,4.4766,83,13.1245,0,0,4678,200792076403
450.112,2.22167,18.2206,0,10,64,52,1890,6801,4.57115,76,13.1285,0,0,4699,200892170527
9.15009,109.289,18.2206,0,10,64,52,1890,6801,4.57115,76,13.1285,0,0,4699,200992252712
11.1806,89.4405,18.2206,0,10,64,52,1890,6801,4.57115,76,13.1285,0,0,4699,201092329256
11.1806,89.4405,18.2206,0,10,64,52,1890,6801,4.57115,76,13.1285,0,0,4699,201192414681
109.26,9.15246,18.2206,0,10,64,52,1890,6801,4.57115,76,13.1285,0,0,4699,201293008395
17.4489,57.3103,18.2206,0,10,64,52,1890,6801,4.57115,76,13.1285,0,0,4699,201393147980
17.4489,57.3103,18.2206,0,10,64,52,1890,6801,4.57115,76,13.1285,0,0,4699,201493229454
17.4489,57.3103,18.2206,0,10,64,52,1890,6801,4.57115,76,13.1285,0,0,4699,201593311979
17.4489,57.3103,18.2206,0,10,64,52,1890,6801,4.57115,76,13.1285,0,0,4699,201693398413
17.4489,57.3103,18.2206,0,10,64,52,1890,6801,4.57115,76,13.1285,0,0,4699,201793486718
108.761,9.19444,18.2206,0,10,64,52,1890,6801,4.57115,76,13.1285,0,0,4699,201893572932
91.527,10.9257,11.9294,0,9,66,51,1770,6801,4.56061,81,13.1712,0,0,4723,201993653607
101.675,9.8353,11.9294,0,9,66,51,1770,6801,4.56061,81,13.1712,0,0,4723,202093741401
111.765,8.94737,11.9294,0,9,66,51,1770,6801,4.56061,81,13.1712,0,0,4723,202193796795
105.064,9.51799,11.9294,0,9,66,51,1770,6801,4.56061,81,13.1712,0,0,4723,202293881860
90.7229,11.0226,21.04,0,9,66,51,1770,6801,4.56061,81,13.1676,0,0,4772,202393970934
98.1644,10.187,21.04,0,9,66,51,1770,6801,4.56061,81,13.1676,0,0,4772,202494075059
100.063,9.99371,21.04,0,9,66,51,1770,6801,4.56061,81,13.1676,0,0,4772,202594169723
90.6921,11.0263,21.04,0,9,66,51,1770,6801,4.56061,81,13.1676,0,0,4772,202694261368
87.5147,11.4266,21.04,0,9,66,51,1770,6801,4.56061,81,13.1676,0,0,4772,202794351002
95.5255,10.4684,17.9856,0,70,66,54,1770,6801,4.75563,82,13.1672,0,0,4675,202894436547
100.771,9.92349,17.9856,0,70,66,54,1770,6801,4.75563,82,13.1672,0,0,4675,202994520271
103.727,9.64071,17.9856,0,70,66,54,1770,6801,4.75563,82,13.1672,0,0,4675,203094605766
92.8875,10.7657,17.9856,0,70,66,54,1770,6801,4.75563,82,13.1672,0,0,4675,203194690160
116.049,8.61702,17.9856,0,70,66,54,1770,6801,4.75563,82,13.1672,0,0,4675,203294780575
164.463,6.08039,23.8517,0,99,66,59,1866,6801,4.80475,125,13.1765,0,0,4600,203394861619
96.1604,10.3993,23.8517,0,99,66,59,1866,6801,4.80475,125,13.1765,0,0,4600,203494961654
93.743,10.6675,23.8517,0,99,66,59,1866,6801,4.80475,125,13.1765,0,0,4600,203595024428
106.646,9.37686,23.8517,0,99,66,59,1866,6801,4.80475,125,13.1765,0,0,4600,203695109413
110.229,9.07204,23.8517,0,99,66,59,1866,6801,4.80475,125,13.1765,0,0,4600,203795194847
99.1281,10.088,23.8517,0,99,66,59,1866,6801,4.80475,125,13.1765,0,0,4600,203895276462
64.3352,15.5436,21.9745,0,99,68,60,1890,6801,4.80475,201,13.1725,0,0,4652,203995387266
57.8818,17.2766,21.9745,0,99,68,60,1890,6801,4.80475,201,13.1725,0,0,4652,204095471951
75.1313,13.31,21.9745,0,99,68,60,1890,6801,4.80475,201,13.1725,0,0,4652,204196050855
193.031,5.18052,21.9745,0,99,68,60,1890,6801,4.80475,201,13.1725,0,0,4652,204296175100
67.3159,14.8553,27.8611,0,96,68,59,1890,6801,4.80475,205,13.2124,0,0,4674,204396257194
21.7515,45.9738,27.8611,0,96,68,59,1890,6801,4.80475,205,13.2124,0,0,4674,204496351109
93.562,10.6881,27.8611,0,96,68,59,1890,6801,4.80475,205,13.2124,0,0,4674,204596438023
96.2869,10.3856,27.8611,0,96,68,59,1890,6801,4.80475,205,13.2124,0,0,4674,204696529188
84.9085,11.7774,27.8611,0,96,68,59,1890,6801,4.80475,205,13.2124,0,0,4674,204796615362
86.1228,11.6113,21.5764,0,69,68,58,1890,6801,4.81627,189,13.2229,0,0,4682,204896702837
96.2056,10.3944,21.5764,0,69,68,58,1890,6801,4.81627,189,13.2229,0,0,4682,204996794241
90.4974,11.05,21.5764,0,69,68,58,1890,6801,4.81627,189,13.2229,0,0,4682,205096909546
83.166,12.0241,21.5764,0,69,68,58,1890,6801,4.81627,189,13.2229,0,0,4682,205197021410
68.6618,14.5641,21.5764,0,69,68,58,1890,6801,4.81627,189,13.2229,0,0,4682,205297120045
96.0725,10.4088,23.2704,0,76,68,58,1890,6801,4.80621,173,13.2536,0,0,4650,205397216909
95.1079,10.5144,23.2704,0,76,68,58,1890,6801,4.80621,173,13.2536,0,0,4650,205497315954
97.5062,10.2558,23.2704,0,76,68,58,1890,6801,4.80621,173,13.2536,0,0,4650,205597430198
87.9628,11.3684,23.2704,0,76,68,58,1890,6801,4.80621,173,13.2536,0,0,4650,205697520333
111.514,8.96752,23.2704,0,76,68,58,1890,6801,4.80621,173,13.2536,0,0,4650,205797608387
101.755,9.82752,23.2704,0,76,68,58,1890,6801,4.80621,173,13.2536,0,0,4650,205897684421
109.445,9.13702,22.0219,0,99,69,61,1890,6801,4.80573,186,13.2723,0,0,4649,205997764306
90.5338,11.0456,22.0219,0,99,69,61,1890,6801,4.80573,186,13.2723,0,0,4649,206097853990
101.564,9.84599,22.0219,0,99,69,61,1890,6801,4.80573,186,13.2723,0,0,4649,206197958925
95.9932,10.4174,22.0219,0,99,69,61,1890,6801,4.80573,186,13.2723,0,0,4649,206298061119
93.3359,10.714,20.1606,0,93,69,60,1890,6801,4.79889,206,13.2726,0,0,4686,206398149824
98.9021,10.111,20.1606,0,93,69,60,1890,6801,4.79889,206,13.2726,0,0,4686,206498232958
94.0338,10.6345,20.1606,0,93,69,60,1890,6801,4.79889,206,13.2726,0,0,4686,206598319663
81.2747,12.3039,20.1606,0,93,69,60,1890,6801,4.79889,206,13.2726,0,0,4686,206698407307
108.191,9.24291,20.1606,0,93,69,60,1890,6801,4.79889,206,13.2726,0,0,4686,206798504702
99.9708,10.0029,19.2185,0,93,69,60,1890,6801,4.79889,207,13.2439,0,0,4650,206898614316
90.868,11.005,19.2185,0,93,69,60,1890,6801,4.79889,207,13.2439,0,0,4650,206998703951
102.366,9.76884,19.2185,0,93,69,60,1890,6801,4.79889,207,13.2439,0,0,4650,207098789145
91.0653,10.9811,19.2185,0,93,69,60,1890,6801,4.79889,207,13.2439,0,0,4650,207198880160
86.9086,11.5063,19.2185,0,93,69,60,1890,6801,4.79889,207,13.2439,0,0,4650,207298968394
82.5228,12.1179,18.74,0,99,69,61,1890,6801,4.79889,209,13.2456,0,0,4626,207399060249
105.518,9.4771,18.74,0,99,69,61,1890,6801,4.79889,209,13.2456,0,0,4626,207499150243
100.763,9.92424,18.74,0,99,69,61,1890,6801,4.79889,209,13.2456,0,0,4626,207599237268
121.47,8.23252,18.74,0,99,69,61,1890,6801,4.79889,209,13.2456,0,0,4626,207699319272
99.7057,10.0295,18.74,0,99,69,61,1890,6801,4.79889,209,13.2456,0,0,4626,207799402747
99.0829,10.0926,18.74,0,99,69,61,1890,6801,4.79889,209,13.2456,0,0,4626,207899492161
94.1552,10.6208,21.9473,0,99,68,61,1890,6801,4.79889,209,13.2546,0,0,4699,207999574586
96.9509,10.3145,21.9473,0,99,68,61,1890,6801,4.79889,209,13.2546,0,0,4699,208099655650
97.2276,10.2851,21.9473,0,99,68,61,1890,6801,4.79889,209,13.2546,0,0,4699,208199737075
92.0966,10.8582,21.9473,0,99,68,61,1890,6801,4.79889,209,13.2546,0,0,4699,208299828729
95.5115,10.4699,21.9473,0,99,68,61,1890,6801,4.79889,209,13.2546,0,0,4699,208399917814
100.743,9.92628,17.2,0,93,68,61,1890,6801,4.86881,212,13.2584,0,0,4724,208500029018
94.047,10.633,17.2,0,93,68,61,1890,6801,4.86881,212,13.2584,0,0,4724,208600115913
98.5328,10.1489,17.2,0,93,68,61,1890,6801,4.86881,212,13.2584,0,0,4724,208700160167
103.74,9.63948,17.2,0,93,68,61,1890,6801,4.86881,212,13.2584,0,0,4724,208800247812
108.654,9.20356,17.2,0,93,68,61,1890,6801,4.86881,212,13.2584,0,0,4724,208900356966
105.388,9.48874,17.5633,0,97,68,61,1890,6801,4.85944,213,13.258,0,0,4704,209000442461
106.609,9.38011,17.5633,0,97,68,61,1890,6801,4.85944,213,13.258,0,0,4704,209100532045
109.217,9.15611,17.5633,0,97,68,61,1890,6801,4.85944,213,13.258,0,0,4704,209200621260
97.9215,10.2123,17.5633,0,97,68,61,1890,6801,4.85944,213,13.258,0,0,4704,209300708644
100.026,9.99739,17.5633,0,97,68,61,1890,6801,4.85944,213,13.258,0,0,4704,209400793169
109.969,9.0935,17.5633,0,97,68,61,1890,6801,4.85944,213,13.258,0,0,4704,209500876393
91.8734,10.8845,18.551,0,99,67,62,1890,6801,4.86158,214,13.2593,0,0,4650,209600975878
105.918,9.44123,18.551,0,99,67,62,1890,6801,4.86158,214,13.2593,0,0,4650,209701058942
107.526,9.30011,18.551,0,99,67,62,1890,6801,4.86158,214,13.2593,0,0,4650,209801118897
101.466,9.85555,18.551,0,99,67,62,1890,6801,4.86158,214,13.2593,0,0,4650,209901205011
99.2749,10.073,19.9365,0,98,67,62,1890,6801,4.80201,217,13.2468,0,0,4625,210001295216
115.013,8.69466,19.9365,0,98,67,62,1890,6801,4.80201,217,13.2468,0,0,4625,210101384980
91.6511,10.9109,19.9365,0,98,67,62,1890,6801,4.80201,217,13.2468,0,0,4625,210201469995
87.5488,11.4222,19.9365,0,98,67,62,1890,6801,4.80201,217,13.2468,0,0,4625,210301569619
96.6846,10.3429,19.9365,0,98,67,62,1890,6801,4.80201,217,13.2468,0,0,4625,210401707073
92.7655,10.7799,23.3992,0,99,67,62,1890,6801,4.79889,218,13.2604,0,0,4618,210501796348
121.9,8.20348,23.3992,0,99,67,62,1890,6801,4.79889,218,13.2604,0,0,4618,210601887932
86.8515,11.5139,23.3992,0,99,67,62,1890,6801,4.79889,218,13.2604,0,0,4618,210701976397
103.219,9.68818,23.3992,0,99,67,62,1890,6801,4.79889,218,13.2604,0,0,4618,210802059701
96.6113,10.3508,23.3992,0,99,67,62,1890,6801,4.79889,218,13.2604,0,0,4618,210902121546
95.1671,10.5078,16.019,0,99,67,62,1890,6801,4.80748,218,13.2623,0,0,4747,211002208060
94.092,10.6279,16.019,0,99,67,62,1890,6801,4.80748,218,13.2623,0,0,4747,211102293475
101.239,9.87762,16.019,0,99,67,62,1890,6801,4.80748,218,13.2623,0,0,4747,211202375389
104.157,9.60093,16.019,0,99,67,62,1890,6801,4.80748,218,13.2623,0,0,4747,211302462054
98.7399,10.1276,16.019,0,99,67,62,1890,6801,4.80748,218,13.2623,0,0,4747,211402547048
91.7123,10.9037,16.019,0,99,67,62,1890,6801,4.80748,218,13.2623,0,0,4747,211502636223
101.616,9.84098,16.5869,0,99,68,62,1890,6801,4.79889,219,13.2645,0,0,4724,211602719637
106.278,9.40929,16.5869,0,99,68,62,1890,6801,4.79889,219,13.2645,0,0,4724,211702825522
109.172,9.15983,16.5869,0,99,68,62,1890,6801,4.79889,219,13.2645,0,0,4724,211802912396
96.7436,10.3366,16.5869,0,99,68,62,1890,6801,4.79889,219,13.2645,0,0,4724,211902996961
94.8961,10.5378,16.3265,0,99,68,62,1890,6801,4.79889,219,13.2709,0,0,4697,212003081365
100.242,9.9759,16.3265,0,99,68,62,1890,6801,4.79889,219,13.2709,0,0,4697,212103136950
100.437,9.9565,16.3265,0,99,68,62,1890,6801,4.79889,219,13.2709,0,0,4697,212203217774
113.009,8.84886,16.3265,0,99,68,62,1890,6801,4.79889,219,13.2709,0,0,4697,212303304209
90.5487,11.0438,16.3265,0,99,68,62,1890,6801,4.79889,219,13.2709,0,0,4697,212403343003
90.5467,11.044,19.7925,0,99,68,62,1890,6801,4.79889,220,13.2755,0,0,4713,212503430718
95.9003,10.4275,19.7925,0,99,68,62,1890,6801,4.79889,220,13.2755,0,0,4713,212603522792
98.811,10.1203,19.7925,0,99,68,62,1890,6801,4.79889,220,13.2755,0,0,4713,212703632097
106.529,9.38713,19.7925,0,99,68,62,1890,6801,4.79889,220,13.2755,0,0,4713,212803725821
107.943,9.26417,19.7925,0,99,68,62,1890,6801,4.79889,220,13.2755,0,0,4713,212903815616
98.533,10.1489,16.4567,0,99,68,62,1890,6801,4.79889,219,13.2724,0,0,4674,213003902400
108.89,9.18354,16.4567,0,99,68,62,1890,6801,4.79889,219,13.2724,0,0,4674,213103995965
105.048,9.51949,16.4567,0,99,68,62,1890,6801,4.79889,219,13.2724,0,0,4674,213204076909
111.419,8.97513,16.4567,0,99,68,62,1890,6801,4.79889,219,13.2724,0,0,4674,213304158444
106.415,9.39715,16.4567,0,99,68,62,1890,6801,4.79889,219,13.2724,0,0,4674,213404259308
119.162,8.39192,16.4567,0,99,68,62,1890,6801,4.79889,219,13.2724,0,0,4674,213504356863
116.186,8.60692,16.3651,0,99,68,62,1890,6801,4.79889,218,13.2722,0,0,4675,213604459607
95.6452,10.4553,16.3651,0,99,68,62,1890,6801,4.79889,218,13.2722,0,0,4675,213704548682
98.8054,10.1209,16.3651,0,99,68,62,1890,6801,4.79889,218,13.2722,0,0,4675,213804610006
98.9287,10.1083,16.3651,0,99,68,62,1890,6801,4.79889,218,13.2722,0,0,4675,213904697351
106.305,9.40693,17.7215,0,99,68,62,1890,6801,4.79889,218,13.2698,0,0,4724,214004779575
102.285,9.77661,17.7215,0,99,68,62,1890,6801,4.79889,218,13.2698,0,0,4724,214104861900
99.1691,10.0838,17.7215,0,99,68,62,1890,6801,4.79889,218,13.2698,0,0,4724,214204945404
99.648,10.0353,17.7215,0,99,68,62,1890,6801,4.79889,218,13.2698,0,0,4724,214305028999
98.5749,10.1446,17.7215,0,99,68,62,1890,6801,4.79889,218,13.2698,0,0,4724,214405114683
98.3613,10.1666,15.7811,0,99,68,62,1890,6801,4.79889,218,13.2728,0,0,4650,214505176898
103.27,9.68333,15.7811,0,99,68,62,1890,6801,4.79889,218,13.2728,0,0,4650,214605273002
96.7508,10.3358,15.7811,0,99,68,62,1890,6801,4.79889,218,13.2728,0,0,4650,214705354857
89.6765,11.1512,15.7811,0,99,68,62,1890,6801,4.79889,218,13.2728,0,0,4650,214805438451
99.5941,10.0408,15.7811,0,99,68,62,1890,6801,4.79889,218,13.2728,0,0,4650,214905526356
91.4483,10.9351,16.4577,0,99,68,62,1890,6801,4.79889,217,13.2722,0,0,4675,215005641950
104.84,9.53832,16.4577,0,99,68,62,1890,6801,4.79889,217,13.2722,0,0,4675,215105730755
104.882,9.53453,16.4577,0,99,68,62,1890,6801,4.79889,217,13.2722,0,0,4675,215205814139
100.749,9.92567,16.4577,0,99,68,62,1890,6801,4.79889,217,13.2722,0,0,4675,215305903783
89.6418,11.1555,16.4577,0,99,68,62,1890,6801,4.79889,217,13.2722,0,0,4675,215406019608
84.3326,11.8578,16.4577,0,99,68,62,1890,6801,4.79889,217,13.2722,0,0,4675,215506104472
86.0463,11.6216,18.0095,0,98,67,62,1890,6801,4.79889,216,13.2843,0,0,4699,215606189287
105.469,9.48146,18.0095,0,98,67,62,1890,6801,4.79889,216,13.2843,0,0,4699,215706278131
100.383,9.96181,18.0095,0,98,67,62,1890,6801,4.79889,216,13.2843,0,0,4699,215806381916
111.191,8.99352,18.0095,0,98,67,62,1890,6801,4.79889,216,13.2843,0,0,4699,215906466120
99.4363,10.0567,25.0198,0,99,67,62,1890,6801,4.79889,216,13.296,0,0,4627,216006549165
115.265,8.67569,25.0198,0,99,67,62,1890,6801,4.79889,216,13.296,0,0,4627,216106635649
100.415,9.9587,25.0198,0,99,67,62,1890,6801,4.79889,216,13.296,0,0,4627,216206723564
104.786,9.5433,25.0198,0,99,67,62,1890,6801,4.79889,216,13.296,0,0,4627,216306806368
100.951,9.9058,25.0198,0,99,67,62,1890,6801,4.79889,216,13.296,0,0,4627,216406885773
113.863,8.78246,22.5139,0,98,67,62,1890,6801,4.80748,215,13.2982,0,0,4624,216506968397
120.768,8.28032,22.5139,0,98,67,62,1890,6801,4.80748,215,13.2982,0,0,4624,216607046702
123.639,8.08809,22.5139,0,98,67,62,1890,6801,4.80748,215,13.2982,0,0,4624,216707136906
129.176,7.74139,22.5139,0,98,67,62,1890,6801,4.80748,215,13.2982,0,0,4624,216807210691
135.022,7.40622,22.5139,0,98,67,62,1890,6801,4.80748,215,13.2982,0,0,4624,216907309375
120.503,8.29858,22.5139,0,98,67,62,1890,6801,4.80748,215,13.2982,0,0,4624,217007401380
129.808,7.70368,24.7809,0,98,67,62,1890,6801,4.80201,215,13.297,0,0,4600,217107504554
138.903,7.19928,24.7809,0,98,67,62,1890,6801,4.80201,215,13.297,0,0,4600,217207596569
130.5,7.66281,24.7809,0,98,67,62,1890,6801,4.80201,215,13.297,0,0,4600,217307687843
94.4272,10.5902,24.7809,0,98,67,62,1890,6801,4.80201,215,13.297,0,0,4600,217407777788
86.2679,11.5918,24.7809,0,98,67,62,1890,6801,4.80201,215,13.297,0,0,4600,217507870632
95.1595,10.5087,25.0999,0,99,69,62,1890,6801,4.78112,215,13.3092,0,0,4628,217607959157
98.7917,10.1223,25.0999,0,99,69,62,1890,6801,4.78112,215,13.3092,0,0,4628,217708043801
123.284,8.11138,25.0999,0,99,69,62,1890,6801,4.78112,215,13.3092,0,0,4628,217808129526
113.846,8.78381,25.0999,0,99,69,62,1890,6801,4.78112,215,13.3092,0,0,4628,217908214960
103.046,9.70438,25.0999,0,99,69,62,1890,6801,4.78112,215,13.3092,0,0,4628,218008298515
107.246,9.32435,21.2048,0,86,69,61,1890,6801,4.80524,213,13.3092,0,0,4724,218108382749
101.871,9.81634,21.2048,0,86,69,61,1890,6801,4.80524,213,13.3092,0,0,4724,218208470364
99.1134,10.0894,21.2048,0,86,69,61,1890,6801,4.80524,213,13.3092,0,0,4724,218308552298
118.87,8.41253,21.2048,0,86,69,61,1890,6801,4.80524,213,13.3092,0,0,4724,218408640903
115.69,8.64379,21.2048,0,86,69,61,1890,6801,4.80524,213,13.3092,0,0,4724,218508752817
104.164,9.60025,17.44,0,89,69,61,1890,6801,4.80865,212,13.3092,0,0,4700,218608845602
101.291,9.87251,17.44,0,89,69,61,1890,6801,4.80865,212,13.3092,0,0,4700,218708881106
117.958,8.47759,17.44,0,89,69,61,1890,6801,4.80865,212,13.3092,0,0,4700,218808967641
98.5606,10.146,17.44,0,89,69,61,1890,6801,4.80865,212,13.3092,0,0,4700,218909063975
123.368,8.1058,17.44,0,89,69,61,1890,6801,4.80865,212,13.3092,0,0,4700,219009181790
132.817,7.52914,16.6535,0,99,69,62,1890,6801,4.80865,213,13.3115,0,0,4725,219109229444
107.655,9.2889,16.6535,0,99,69,62,1890,6801,4.80865,213,13.3115,0,0,4725,219209317689
116.654,8.57239,16.6535,0,99,69,62,1890,6801,4.80865,213,13.3115,0,0,4725,219309403513
110.04,9.08763,16.6535,0,99,69,62,1890,6801,4.80865,213,13.3115,0,0,4725,219409491418
129.787,7.70492,16.6535,0,99,69,62,1890,6801,4.80865,213,13.3115,0,0,4725,219509587702
101.071,9.894,22.7929,0,99,68,62,1890,6801,4.81393,216,13.3185,0,0,4600,219609692797
91.7047,10.9046,22.7929,0,99,68,62,1890,6801,4.81393,216,13.3185,0,0,4600,219709785221
123.426,8.10201,22.7929,0,99,68,62,1890,6801,4.81393,216,13.3185,0,0,4600,219809888655
97.7193,10.2334,22.7929,0,99,68,62,1890,6801,4.81393,216,13.3185,0,0,4600,219909978570
108.434,9.22217,22.7929,0,99,68,62,1890,6801,4.81393,216,13.3185,0,0,4600,220010060654
96.7129,10.3399,22.7959,0,98,68,61,1890,6801,4.80123,212,13.3192,0,0,4650,220110153959
96.7129,10.3399,22.7959,0,98,68,61,1890,6801,4.80123,212,13.3192,0,0,4650,220210254863
113.973,8.77404,22.7959,0,98,68,61,1890,6801,4.80123,212,13.3192,0,0,4650,220310336778
92.8428,10.7709,22.7959,0,98,68,61,1890,6801,4.80123,212,13.3192,0,0,4650,220410418372
101.289,9.87273,22.7959,0,98,68,61,1890,6801,4.80123,212,13.3192,0,0,4650,220510512637
93.9272,10.6465,45.462,0,98,68,61,1890,6801,4.80123,212,13.3476,0,0,4621,220610611351
104.531,9.56652,45.462,0,98,68,61,1890,6801,4.80123,212,13.3476,0,0,4621,220710754226
93.164,10.7338,45.462,0,98,68,61,1890,6801,4.80123,212,13.3476,0,0,4621,220810836610
104.271,9.59035,45.462,0,98,68,61,1890,6801,4.80123,212,13.3476,0,0,4621,220910927785
68.3059,14.64,45.462,0,98,68,61,1890,6801,4.80123,212,13.3476,0,0,4621,221011059209
94.4518,10.5874,21.5261,0,98,68,61,1890,6801,4.82018,207,13.3473,0,0,4623,221111159154
86.6572,11.5397,21.5261,0,98,68,61,1890,6801,4.82018,207,13.3473,0,0,4623,221211241988
91.6569,10.9102,21.5261,0,98,68,61,1890,6801,4.82018,207,13.3473,0,0,4623,221311331823
108.913,9.18164,21.5261,0,98,68,61,1890,6801,4.82018,207,13.3473,0,0,4623,221411414817
107.661,9.2884,21.5261,0,98,68,61,1890,6801,4.82018,207,13.3473,0,0,4623,221511499142
106.554,9.38493,21.4114,0,98,69,60,1890,6801,4.81178,178,13.3473,0,0,4686,221611582396
112.2,8.91262,21.4114,0,98,69,60,1890,6801,4.81178,178,13.3473,0,0,4686,221711665471
95.0758,10.5179,21.4114,0,98,69,60,1890,6801,4.81178,178,13.3473,0,0,4686,221811759945
100.772,9.92336,21.4114,0,98,69,60,1890,6801,4.81178,178,13.3473,0,0,4686,221911843220
101.507,9.85152,21.4114,0,98,69,60,1890,6801,4.81178,178,13.3473,0,0,4686,222011923934
109.985,9.09217,18.247,0,99,69,61,1890,6801,4.81412,188,13.3484,0,0,4725,222112008979
109.225,9.15543,18.247,0,99,69,61,1890,6801,4.81412,188,13.3484,0,0,4725,222212098473
95.4773,10.4737,18.247,0,99,69,61,1890,6801,4.81412,188,13.3484,0,0,4725,222312199288
103.191,9.69073,18.247,0,99,69,61,1890,6801,4.81412,188,13.3484,0,0,4725,222412274592
98.8861,10.1126,18.247,0,99,69,61,1890,6801,4.81412,188,13.3484,0,0,4725,222512357527
106.579,9.38273,17.4224,0,99,69,61,1890,6801,4.80865,212,13.3487,0,0,4650,222612443101
121.653,8.2201,17.4224,0,99,69,61,1890,6801,4.80865,212,13.3487,0,0,4650,222712524286
104.379,9.58048,17.4224,0,99,69,61,1890,6801,4.80865,212,13.3487,0,0,4650,222812608950
105.252,9.50103,17.4224,0,99,69,61,1890,6801,4.80865,212,13.3487,0,0,4650,222912698585
101.766,9.82649,17.4224,0,99,69,61,1890,6801,4.80865,212,13.3487,0,0,4650,223012796389
108.897,9.18295,17.496,0,99,69,62,1890,6801,4.80865,212,13.3472,0,0,4626,223112881024
105.155,9.50977,17.496,0,99,69,62,1890,6801,4.80865,212,13.3472,0,0,4626,223212960488
121.13,8.25562,17.496,0,99,69,62,1890,6801,4.80865,212,13.3472,0,0,4626,223313051863
90.2193,11.0841,17.496,0,99,69,62,1890,6801,4.80865,212,13.3472,0,0,4626,223413139907
100.084,9.99165,17.496,0,99,69,62,1890,6801,4.80865,212,13.3472,0,0,4626,223513221882
106.406,9.39793,17.496,0,99,69,62,1890,6801,4.80865,212,13.3472,0,0,4626,223613292766
121.174,8.25263,16.8371,0,99,67,62,1890,6801,4.80865,212,13.3474,0,0,4649,223713382901
92.491,10.8119,16.8371,0,99,67,62,1890,6801,4.80865,212,13.3474,0,0,4649,223813474545
94.9105,10.5362,16.8371,0,99,67,62,1890,6801,4.80865,212,13.3474,0,0,4649,223913560200
102.465,9.75946,16.8371,0,99,67,62,1890,6801,4.80865,212,13.3474,0,0,4649,224013645044
111.142,8.99754,16.9182,0,99,67,62,1890,6801,4.80865,212,13.3475,0,0,4639,224113728989
118.838,8.41485,16.9182,0,99,67,62,1890,6801,4.80865,212,13.3475,0,0,4639,224213813143
92.6898,10.7887,16.9182,0,99,67,62,1890,6801,4.80865,212,13.3475,0,0,4639,224313896077
99.1653,10.0842,16.9182,0,99,67,62,1890,6801,4.80865,212,13.3475,0,0,4639,224413986872
102.268,9.77823,16.9182,0,99,67,62,1890,6801,4.80865,212,13.3475,0,0,4639,224514079226
108.813,9.19008,17.5,0,99,67,62,1890,6801,4.80865,213,13.348,0,0,4699,224614170941
121.954,8.19983,17.5,0,99,67,62,1890,6801,4.80865,213,13.348,0,0,4699,224714253745
129.417,7.72696,17.5,0,99,67,62,1890,6801,4.80865,213,13.348,0,0,4699,224814306170
113.257,8.82951,17.5,0,99,67,62,1890,6801,4.80865,213,13.348,0,0,4699,224914393074
100.682,9.93223,17.5,0,99,67,62,1890,6801,4.80865,213,13.348,0,0,4699,225014486379
93.6513,10.6779,18.9641,0,99,67,62,1890,6801,4.81578,213,13.3476,0,0,4650,225114582473
97.2336,10.2845,18.9641,0,99,67,62,1890,6801,4.81578,213,13.3476,0,0,4650,225214670228
106.555,9.38487,18.9641,0,99,67,62,1890,6801,4.81578,213,13.3476,0,0,4650,225314788232
118.311,8.45228,18.9641,0,99,67,62,1890,6801,4.81578,213,13.3476,0,0,4650,225414878287
104.477,9.57152,18.9641,0,99,67,62,1890,6801,4.81578,213,13.3476,0,0,4650,225514970381
110.978,9.0108,18.9641,0,99,67,62,1890,6801,4.81578,213,13.3476,0,0,4650,225615061946
105.811,9.45083,20.4163,0,99,66,62,1890,6801,4.81412,214,13.3309,0,0,4625,225715148260
113.81,8.78656,20.4163,0,99,66,62,1890,6801,4.81412,214,13.3309,0,0,4625,225815240355
113.24,8.83084,20.4163,0,99,66,62,1890,6801,4.81412,214,13.3309,0,0,4625,225915321989
107.84,9.27304,20.4163,0,99,66,62,1890,6801,4.81412,214,13.3309,0,0,4625,226015410094
96.3934,10.3742,21.44,0,99,66,62,1890,6801,4.81412,214,13.3386,0,0,4722,226115490768
108.756,9.19489,21.44,0,99,66,62,1890,6801,4.81412,214,13.3386,0,0,4722,226215580063
123.782,8.07871,21.44,0,99,66,62,1890,6801,4.81412,214,13.3386,0,0,4722,226315668837
97.9835,10.2058,21.44,0,99,66,62,1890,6801,4.81412,214,13.3386,0,0,4722,226415759032
112.538,8.8859,21.44,0,99,66,62,1890,6801,4.81412,214,13.3386,0,0,4722,226515844836
101.567,9.84569,16.3895,0,99,66,62,1890,6801,4.80787,214,13.3383,0,0,4674,226615938091
116.402,8.59095,16.3895,0,99,66,62,1890,6801,4.80787,214,13.3383,0,0,4674,226716023215
99.0092,10.1001,16.3895,0,99,66,62,1890,6801,4.80787,214,13.3383,0,0,4674,226816120010
116.448,8.58753,16.3895,0,99,66,62,1890,6801,4.80787,214,13.3383,0,0,4674,226916203284
111.071,9.00327,16.3895,0,99,66,62,1890,6801,4.80787,214,13.3383,0,0,4674,227016289749
94.8783,10.5398,16.5342,0,99,66,62,1890,6801,4.79889,214,13.3383,0,0,4678,227116345523
110.759,9.02861,16.5342,0,99,66,62,1890,6801,4.79889,214,13.3383,0,0,4678,227216454038
403.604,2.47768,16.5342,0,99,66,62,1890,6801,4.79889,214,13.3383,0,0,4678,227316566622
101.401,9.86182,16.5342,0,99,66,62,1890,6801,4.79889,214,13.3383,0,0,4678,227416644107
115.103,8.68784,16.5342,0,99,66,62,1890,6801,4.79889,214,13.3383,0,0,4678,227516726881
104.886,9.53416,16.5342,0,99,66,62,1890,6801,4.79889,214,13.3383,0,0,4678,227616809176
111.369,8.97917,16.7589,0,99,66,62,1890,6801,4.79889,214,13.3421,0,0,4746,227716893370
114.209,8.7559,16.7589,0,99,66,62,1890,6801,4.79889,214,13.3421,0,0,4746,227816974695
118.646,8.4284,16.7589,0,99,66,62,1890,6801,4.79889,214,13.3421,0,0,4746,227917057049
101.65,9.83769,16.7589,0,99,66,62,1890,6801,4.79889,214,13.3421,0,0,4746,228017138564
105.794,9.45234,17.3739,0,99,66,62,1890,6801,4.80533,214,13.3418,0,0,4717,228117219328
102.946,9.71382,17.3739,0,99,66,62,1890,6801,4.80533,214,13.3418,0,0,4717,228217302133
106.908,9.35384,17.3739,0,99,66,62,1890,6801,4.80533,214,13.3418,0,0,4717,228317355547
104.172,9.59954,17.3739,0,99,66,62,1890,6801,4.80533,214,13.3418,0,0,4717,228417512082
114.987,8.69667,17.3739,0,99,66,62,1890,6801,4.80533,214,13.3418,0,0,4717,228517595166
104.975,9.52609,15.5679,0,99,66,62,1890,6801,4.80621,214,13.3417,0,0,4722,228617683821
109.187,9.15858,15.5679,0,99,66,62,1890,6801,4.80621,214,13.3417,0,0,4722,228717799455
94.0624,10.6312,15.5679,0,99,66,62,1890,6801,4.80621,214,13.3417,0,0,4722,228817886180
104.179,9.5989,15.5679,0,99,66,62,1890,6801,4.80621,214,13.3417,0,0,4722,228917972354
111.178,8.99459,15.5679,0,99,66,62,1890,6801,4.80621,214,13.3417,0,0,4722,229018062998
118.059,8.47037,16.4818,0,99,66,62,1890,6801,4.80475,216,13.3427,0,0,4724,229118147763
108.005,9.25883,16.4818,0,99,66,62,1890,6801,4.80475,216,13.3427,0,0,4724,229218229787
87.5089,11.4274,16.4818,0,99,66,62,1890,6801,4.80475,216,13.3427,0,0,4724,229318324562
91.6086,10.916,16.4818,0,99,66,62,1890,6801,4.80475,216,13.3427,0,0,4724,229418454716
111.903,8.93631,16.4818,0,99,66,62,1890,6801,4.80475,216,13.3427,0,0,4724,229518545981
84.015,11.9026,16.4818,0,99,66,62,1890,6801,4.80475,216,13.3427,0,0,4724,229618642015
108.568,9.21084,19.2829,0,99,65,62,1890,6801,4.81364,218,13.3435,0,0,4690,229718731400
88.7532,11.2672,19.2829,0,99,65,62,1890,6801,4.81364,218,13.3435,0,0,4690,229818826844
107.489,9.30327,19.2829,0,99,65,62,1890,6801,4.81364,218,13.3435,0,0,4690,229918959809
109.985,9.09215,19.2829,0,99,65,62,1890,6801,4.81364,218,13.3435,0,0,4690,230019046023
87.4154,11.4396,18.9103,0,99,65,62,1890,6801,4.81842,219,13.3297,0,0,4625,230119126708
101.528,9.8495,18.9103,0,99,65,62,1890,6801,4.81842,219,13.3297,0,0,4625,230219212032
49.427,20.2319,18.9103,0,99,65,62,1890,6801,4.81842,219,13.3297,0,0,4625,230319301977
102.446,9.76122,18.9103,0,99,65,62,1890,6801,4.81842,219,13.3297,0,0,4625,230419389501
97.1146,10.2971,18.9103,0,99,65,62,1890,6801,4.81842,219,13.3297,0,0,4625,230519476106
88.5804,11.2892,21.9649,0,99,65,63,1890,6801,4.82389,222,13.359,0,0,4674,230619563610
91.6968,10.9055,21.9649,0,99,65,63,1890,6801,4.82389,222,13.359,0,0,4674,230719671215
99.3671,10.0637,21.9649,0,99,65,63,1890,6801,4.82389,222,13.359,0,0,4674,230819751059
91.4865,10.9306,21.9649,0,99,65,63,1890,6801,4.82389,222,13.359,0,0,4674,230919838544
340.209,2.93937,21.9649,0,99,65,63,1890,6801,4.82389,222,13.359,0,0,4674,231019918758
96.1842,10.3967,16.9059,0,99,65,62,1890,6801,4.81539,221,13.3551,0,0,4725,231119994843
106.513,9.38855,16.9059,0,99,65,62,1890,6801,4.81539,221,13.3551,0,0,4725,231220085077
97.3166,10.2757,16.9059,0,99,65,62,1890,6801,4.81539,221,13.3551,0,0,4725,231320173612
92.6674,10.7913,16.9059,0,99,65,62,1890,6801,4.81539,221,13.3551,0,0,4725,231420258776
91.5983,10.9172,16.9059,0,99,65,62,1890,6801,4.81539,221,13.3551,0,0,4725,231520344491
93.2644,10.7222,16.9059,0,99,65,62,1890,6801,4.81539,221,13.3551,0,0,4725,231620394335
108.381,9.22667,16.6144,0,99,67,62,1890,6801,4.81744,218,13.357,0,0,4683,231720478030
99.7286,10.0272,16.6144,0,99,67,62,1890,6801,4.81744,218,13.357,0,0,4683,231820562844
95.9171,10.4257,16.6144,0,99,67,62,1890,6801,4.81744,218,13.357,0,0,4683,231920656359
128.475,7.78361,16.6144,0,99,67,62,1890,6801,4.81744,218,13.357,0,0,4683,232020744943
91.8582,10.8863,16.6144,0,99,67,62,1890,6801,4.81744,218,13.357,0,0,4683,232120832898
90.4352,11.0576,19.2885,0,99,67,62,1890,6801,4.81744,218,13.3631,0,0,4699,232220917102
108.898,9.18293,19.2885,0,99,67,62,1890,6801,4.81744,218,13.3631,0,0,4699,232321010737
99.0194,10.099,19.2885,0,99,67,62,1890,6801,4.81744,218,13.3631,0,0,4699,232421100291
89.2625,11.2029,19.2885,0,99,67,62,1890,6801,4.81744,218,13.3631,0,0,4699,232521183746
107.618,9.29214,19.2885,0,99,67,62,1890,6801,4.81744,218,13.3631,0,0,4699,232621266660
115.839,8.63266,15.1227,0,99,67,62,1890,6801,4.81813,212,13.3629,0,0,4724,232721353145
101.757,9.82735,15.1227,0,99,67,62,1890,6801,4.81813,212,13.3629,0,0,4724,232821415039
117.188,8.53332,15.1227,0,99,67,62,1890,6801,4.81813,212,13.3629,0,0,4724,232921517524
102.436,9.76224,15.1227,0,99,67,62,1890,6801,4.81813,212,13.3629,0,0,4724,233021606748
116.485,8.5848,15.1227,0,99,67,62,1890,6801,4.81813,212,13.3629,0,0,4724,233121692433
114.344,8.74557,21.5748,0,99,67,62,1890,6801,4.80865,211,13.3703,0,0,4654,233221785047
116.607,8.57584,21.5748,0,99,67,62,1890,6801,4.80865,211,13.3703,0,0,4654,233321891392
109.724,9.11379,21.5748,0,99,67,62,1890,6801,4.80865,211,13.3703,0,0,4654,233421973706
103.38,9.67305,21.5748,0,99,67,62,1890,6801,4.80865,211,13.3703,0,0,4654,233522070390
222.597,4.49243,21.5748,0,99,67,62,1890,6801,4.80865,211,13.3703,0,0,4654,233622158435
77.5439,12.8959,21.5748,0,99,67,62,1890,6801,4.80865,211,13.3703,0,0,4654,233722263189
104.333,9.58469,20.6815,0,99,68,62,1890,6801,4.80865,217,13.3707,0,0,4621,233822350764
94.4738,10.5849,20.6815,0,99,68,62,1890,6801,4.80865,217,13.3707,0,0,4621,233922428608
93.6881,10.6737,20.6815,0,99,68,62,1890,6801,4.80865,217,13.3707,0,0,4621,234022628043
93.6181,10.6817,20.6815,0,99,68,62,1890,6801,4.80865,217,13.3707,0,0,4621,234122728027
100.715,9.92901,24.0157,0,99,68,62,1890,6801,4.8149,218,13.3707,0,0,4625,234222815322
113.291,8.82683,24.0157,0,99,68,62,1890,6801,4.8149,218,13.3707,0,0,4625,234322903396
95.6554,10.4542,24.0157,0,99,68,62,1890,6801,4.8149,218,13.3707,0,0,4625,234422987831
95.3408,10.4887,24.0157,0,99,68,62,1890,6801,4.8149,218,13.3707,0,0,4625,234523074685
90.8453,11.0077,24.0157,0,99,68,62,1890,6801,4.8149,218,13.3707,0,0,4625,234623158760
99.6185,10.0383,20.7936,0,99,68,62,1890,6801,4.81022,211,13.3706,0,0,4674,234723245544
105.198,9.50586,20.7936,0,99,68,62,1890,6801,4.81022,211,13.3706,0,0,4674,234823333559
107.51,9.30143,20.7936,0,99,68,62,1890,6801,4.81022,211,13.3706,0,0,4674,234923421813
103.715,9.64184,20.7936,0,99,68,62,1890,6801,4.81022,211,13.3706,0,0,4674,235023525458
102.936,9.71474,20.7936,0,99,68,62,1890,6801,4.81022,211,13.3706,0,0,4674,235123609242
89.7574,11.1411,20.6349,0,99,68,62,1890,6801,4.80865,209,13.3549,0,0,4660,235223692357
105.562,9.47308,20.6349,0,99,68,62,1890,6801,4.80865,209,13.3549,0,0,4660,235323776921
95.689,10.4505,20.6349,0,99,68,62,1890,6801,4.80865,209,13.3549,0,0,4660,235423863416
87.3606,11.4468,20.6349,0,99,68,62,1890,6801,4.80865,209,13.3549,0,0,4660,235523950670
95.0304,10.5229,20.6349,0,99,68,62,1890,6801,4.80865,209,13.3549,0,0,4660,235624040285
105.343,9.49277,20.6349,0,99,68,62,1890,6801,4.80865,209,13.3549,0,0,4660,235724123589
114.549,8.72987,19.4222,0,99,70,63,1890,6801,4.80865,218,13.3598,0,0,4724,235824173934
110.301,9.06609,19.4222,0,99,70,63,1890,6801,4.80865,218,13.3598,0,0,4724,235924261738
102.475,9.75845,19.4222,0,99,70,63,1890,6801,4.80865,218,13.3598,0,0,4724,236024361433
93.6423,10.6789,19.4222,0,99,70,63,1890,6801,4.80865,218,13.3598,0,0,4724,236124451087
102.826,9.72517,16.0065,0,99,70,62,1890,6801,4.80865,221,13.3672,0,0,4700,236224549082
95.3491,10.4878,16.0065,0,99,70,62,1890,6801,4.80865,221,13.3672,0,0,4700,236324633406
106.508,9.38896,16.0065,0,99,70,62,1890,6801,4.80865,221,13.3672,0,0,4700,236424721191
99.1794,10.0827,16.0065,0,99,70,62,1890,6801,4.80865,221,13.3672,0,0,4700,236524816145
85.5591,11.6878,16.0065,0,99,70,62,1890,6801,4.80865,221,13.3672,0,0,4700,236624899090
84.3676,11.8529,15.5131,0,99,70,62,1890,6801,4.80865,221,13.3674,0,0,4674,236724980254
93.2495,10.7239,15.5131,0,99,70,62,1890,6801,4.80865,221,13.3674,0,0,4674,236825062129
109.784,9.10882,15.5131,0,99,70,62,1890,6801,4.80865,221,13.3674,0,0,4674,236925145513
98.7938,10.1221,15.5131,0,99,70,62,1890,6801,4.80865,221,13.3674,0,0,4674,237025227288
101.351,9.86673,15.5131,0,99,70,62,1890,6801,4.80865,221,13.3674,0,0,4674,237125326652
102.383,9.76727,16.7192,0,98,70,62,1890,6801,4.80865,221,13.368,0,0,4774,237225411617
106.278,9.40928,16.7192,0,98,70,62,1890,6801,4.80865,221,13.368,0,0,4774,237325472751
102.407,9.76499,16.7192,0,98,70,62,1890,6801,4.80865,221,13.368,0,0,4774,237425562466
96.4813,10.3647,16.7192,0,98,70,62,1890,6801,4.80865,221,13.368,0,0,4774,237525646280
98.7663,10.1249,16.7192,0,98,70,62,1890,6801,4.80865,221,13.368,0,0,4774,237625734275
91.7638,10.8975,16.7192,0,98,70,62,1890,6801,4.80865,221,13.368,0,0,4774,237725821859
83.4606,11.9817,15.2328,0,98,68,62,1890,6801,4.80865,221,13.3676,0,0,4713,237825867724
98.8356,10.1178,15.2328,0,98,68,62,1890,6801,4.80865,221,13.3676,0,0,4713,237925954998
136.25,7.33945,15.2328,0,98,68,62,1890,6801,4.80865,221,13.3676,0,0,4713,238026054522
105.981,9.43569,15.2328,0,98,68,62,1890,6801,4.80865,221,13.3676,0,0,4713,238126148517
122.465,8.16559,20,0,99,68,62,1890,6801,4.81647,221,13.3709,0,0,4649,238226241871
108.891,9.18351,20,0,99,68,62,1890,6801,4.81647,221,13.3709,0,0,4649,238326330336
110.667,9.03611,20,0,99,68,62,1890,6801,4.81647,221,13.3709,0,0,4649,238426423790
103.389,9.67225,20,0,99,68,62,1890,6801,4.81647,221,13.3709,0,0,4649,238526486465
121.804,8.20988,20,0,99,68,62,1890,6801,4.81647,221,13.3709,0,0,4649,238626577819
118.148,8.46398,18.5304,0,99,68,62,1890,6801,4.81647,221,13.3748,0,0,4674,238726681474
92.2653,10.8383,18.5304,0,99,68,62,1890,6801,4.81647,221,13.3748,0,0,4674,238826746998
108.623,9.20618,18.5304,0,99,68,62,1890,6801,4.81647,221,13.3748,0,0,4674,238926828313
100.459,9.95434,18.5304,0,99,68,62,1890,6801,4.81647,221,13.3748,0,0,4674,239026916427
66.772,14.9763,18.5304,0,99,68,62,1890,6801,4.81647,221,13.3748,0,0,4674,239127004482
99.2995,10.0705,18.5245,0,99,68,62,1890,6801,4.80865,219,13.3753,0,0,4643,239227091546
89.4748,11.1763,18.5245,0,99,68,62,1890,6801,4.80865,219,13.3753,0,0,4643,239327182421
95.015,10.5246,18.5245,0,99,68,62,1890,6801,4.80865,219,13.3753,0,0,4643,239427304965
95.2834,10.495,18.5245,0,99,68,62,1890,6801,4.80865,219,13.3753,0,0,4643,239527396110
95.5818,10.4622,18.5245,0,99,68,62,1890,6801,4.80865,219,13.3753,0,0,4643,239627477994
100.657,9.93477,18.5245,0,99,68,62,1890,6801,4.80865,219,13.3753,0,0,4643,239727572229
99.9443,10.0056,21.4626,0,99,68,62,1890,6801,4.81256,213,13.3754,0,0,4674,239827684613
101.194,9.88197,21.4626,0,99,68,62,1890,6801,4.81256,213,13.3754,0,0,4674,239927814558
87.6383,11.4105,21.4626,0,99,68,62,1890,6801,4.81256,213,13.3754,0,0,4674,240027901632
84.9488,11.7718,21.4626,0,99,68,62,1890,6801,4.81256,213,13.3754,0,0,4674,240127989597
92.1331,10.8539,17.6887,0,99,68,62,1890,6801,4.81412,212,13.3734,0,0,4628,240228083251
102.762,9.73125,17.6887,0,99,68,62,1890,6801,4.81412,212,13.3734,0,0,4628,240328175636
91.9325,10.8775,17.6887,0,99,68,62,1890,6801,4.81412,212,13.3734,0,0,4628,240428263220
112.818,8.86387,17.6887,0,99,68,62,1890,6801,4.81412,212,13.3734,0,0,4628,240528345475
121.345,8.24098,17.6887,0,99,68,62,1890,6801,4.81412,212,13.3734,0,0,4628,240628428929
106.451,9.39401,18.7153,0,99,68,62,1890,6801,4.80865,214,13.3371,0,0,4638,240728509084
96.6864,10.3427,18.7153,0,99,68,62,1890,6801,4.80865,214,13.3371,0,0,4638,240828588578
91.2728,10.9562,18.7153,0,99,68,62,1890,6801,4.80865,214,13.3371,0,0,4638,240928669713
104.241,9.59312,18.7153,0,99,68,62,1890,6801,4.80865,214,13.3371,0,0,4638,241028757497
98.5237,10.1498,18.7153,0,99,68,62,1890,6801,4.80865,214,13.3371,0,0,4638,241128871052
103.43,9.66842,18.7153,0,99,68,62,1890,6801,4.80865,214,13.3371,0,0,4638,241228930406
110.933,9.01442,17.0095,0,99,68,62,1890,6801,4.80865,217,13.3401,0,0,4696,241329013851
92.3105,10.833,17.0095,0,99,68,62,1890,6801,4.80865,217,13.3401,0,0,4696,241429103005
84.4364,11.8432,17.0095,0,99,68,62,1890,6801,4.80865,217,13.3401,0,0,4696,241529211640
99.1703,10.0837,17.0095,0,99,68,62,1890,6801,4.80865,217,13.3401,0,0,4696,241629295774
100.078,9.9922,17.0095,0,99,68,62,1890,6801,4.80865,217,13.3401,0,0,4696,241729377789
97.5478,10.2514,16.6534,0,99,68,62,1890,6801,4.80865,218,13.3419,0,0,4648,241829481113
109.612,9.12312,16.6534,0,99,68,62,1890,6801,4.80865,218,13.3419,0,0,4648,241929588888
103.284,9.68201,16.6534,0,99,68,62,1890,6801,4.80865,218,13.3419,0,0,4648,242029680752
95.0437,10.5215,16.6534,0,99,68,62,1890,6801,4.80865,218,13.3419,0,0,4648,242129834807
97.4831,10.2582,16.6534,0,99,68,62,1890,6801,4.80865,218,13.3419,0,0,4648,242229934711
96.0209,10.4144,17.2468,0,99,68,62,1890,6801,4.80865,218,13.3419,0,0,4649,242330022305
102.405,9.76519,17.2468,0,99,68,62,1890,6801,4.80865,218,13.3419,0,0,4649,242430152990
93.7802,10.6632,17.2468,0,99,68,62,1890,6801,4.80865,218,13.3419,0,0,4649,242530242874
109.042,9.17082,17.2468,0,99,68,62,1890,6801,4.80865,218,13.3419,0,0,4649,242630334639
105.579,9.4716,17.2468,0,99,68,62,1890,6801,4.80865,218,13.3419,0,0,4649,242730417833
94.5065,10.5813,15.1828,0,99,68,62,1890,6801,4.80865,218,13.3415,0,0,4631,242830503018
91.6133,10.9154,15.1828,0,99,68,62,1890,6801,4.80865,218,13.3415,0,0,4631,242930590602
98.4837,10.154,15.1828,0,99,68,62,1890,6801,4.80865,218,13.3415,0,0,4631,243030675057
95.1275,10.5122,15.1828,0,99,68,62,1890,6801,4.80865,218,13.3415,0,0,4631,243130758401
109.259,9.15253,15.1828,0,99,68,62,1890,6801,4.80865,218,13.3415,0,0,4631,243230844476
109.841,9.1041,16.6401,0,99,68,62,1890,6801,4.80865,218,13.3405,0,0,4696,243330932460
90.1118,11.0973,16.6401,0,99,68,62,1890,6801,4.80865,218,13.3405,0,0,4696,243431034705
91.3805,10.9432,16.6401,0,99,68,62,1890,6801,4.80865,218,13.3405,0,0,4696,243531128449
99.4369,10.0566,16.6401,0,99,68,62,1890,6801,4.80865,218,13.3405,0,0,4696,243631223924
103.402,9.67098,16.6401,0,99,68,62,1890,6801,4.80865,218,13.3405,0,0,4696,243731306748
111.255,8.98833,16.6401,0,99,68,62,1890,6801,4.80865,218,13.3405,0,0,4696,243831394183
100.07,9.99302,16.4155,0,99,66,62,1890,6801,4.80865,218,13.3412,0,0,4725,243931479807
95.7795,10.4406,16.4155,0,99,66,62,1890,6801,4.80865,218,13.3412,0,0,4725,244031566642
92.7681,10.7796,16.4155,0,99,66,62,1890,6801,4.80865,218,13.3412,0,0,4725,244131651176
97.2721,10.2804,16.4155,0,99,66,62,1890,6801,4.80865,218,13.3412,0,0,4725,244231738361
91.59,10.9182,17.2605,0,99,66,63,1890,6801,4.811,218,13.3418,0,0,4699,244331821985
124.786,8.01373,17.2605,0,99,66,63,1890,6801,4.811,218,13.3418,0,0,4699,244431909710
85.2701,11.7274,17.2605,0,99,66,63,1890,6801,4.811,218,13.3418,0,0,4699,244532000154
102.492,9.75687,17.2605,0,99,66,63,1890,6801,4.811,218,13.3418,0,0,4699,244632084209
109.984,9.09227,17.2605,0,99,66,63,1890,6801,4.811,218,13.3418,0,0,4699,244732189993
99.6651,10.0336,17.7276,0,98,66,62,1890,6801,4.8149,217,13.3414,0,0,4691,244832287478
105.044,9.51982,17.7276,0,98,66,62,1890,6801,4.8149,217,13.3414,0,0,4691,244932371572
104.907,9.53221,17.7276,0,98,66,62,1890,6801,4.8149,217,13.3414,0,0,4691,245032463407
105.642,9.46597,17.7276,0,98,66,62,1890,6801,4.8149,217,13.3414,0,0,4691,245132545491
121.643,8.2208,17.7276,0,98,66,62,1890,6801,4.8149,217,13.3414,0,0,4691,245232635096
102.065,9.79766,19.0024,0,98,66,62,1890,6801,4.8149,217,13.3404,0,0,4725,245332716310
110.08,9.08427,19.0024,0,98,66,62,1890,6801,4.8149,217,13.3404,0,0,4725,245432800585
108.958,9.17786,19.0024,0,98,66,62,1890,6801,4.8149,217,13.3404,0,0,4725,245532886869
110.045,9.08718,19.0024,0,98,66,62,1890,6801,4.8149,217,13.3404,0,0,4725,245632962914
111.13,8.99849,19.0024,0,98,66,62,1890,6801,4.8149,217,13.3404,0,0,4725,245733045028
111.592,8.96118,19.0024,0,98,66,62,1890,6801,4.8149,217,13.3404,0,0,4725,245833138083
100.563,9.94402,17.8797,0,99,67,62,1890,6801,4.80865,215,13.3498,0,0,4749,245933235617
108.364,9.22816,17.8797,0,99,67,62,1890,6801,4.80865,215,13.3498,0,0,4749,246033316952
97.5373,10.2525,17.8797,0,99,67,62,1890,6801,4.80865,215,13.3498,0,0,4749,246133401786
93.228,10.7264,17.8797,0,99,67,62,1890,6801,4.80865,215,13.3498,0,0,4749,246233487011
98.4074,10.1618,16.6139,0,99,67,62,1890,6801,4.80865,215,13.3498,0,0,4673,246333579605
98.3497,10.1678,16.6139,0,99,67,62,1890,6801,4.80865,215,13.3498,0,0,4673,246433663800
98.4205,10.1605,16.6139,0,99,67,62,1890,6801,4.80865,215,13.3498,0,0,4673,246533745364
103.333,9.67749,16.6139,0,99,67,62,1890,6801,4.80865,215,13.3498,0,0,4673,246633828519
99.266,10.0739,16.6139,0,99,67,62,1890,6801,4.80865,215,13.3498,0,0,4673,246733911503
96.5328,10.3592,16.5865,0,99,67,62,1890,6801,4.80865,215,13.3495,0,0,4674,246833995508
103.101,9.69922,16.5865,0,99,67,62,1890,6801,4.80865,215,13.3495,0,0,4674,246934061362
116.381,8.59245,16.5865,0,99,67,62,1890,6801,4.80865,215,13.3495,0,0,4674,247034153906
98.8456,10.1168,16.5865,0,99,67,62,1890,6801,4.80865,215,13.3495,0,0,4674,247134240811
93.9999,10.6383,16.5865,0,99,67,62,1890,6801,4.80865,215,13.3495,0,0,4674,247234388735
110.093,9.08326,22.8414,0,99,67,62,1890,6801,4.81647,215,13.3494,0,0,4670,247334487340
86.1043,11.6138,22.8414,0,99,67,62,1890,6801,4.81647,215,13.3494,0,0,4670,247434569464
104.127,9.60366,22.8414,0,99,67,62,1890,6801,4.81647,215,13.3494,0,0,4670,247534659639
110.604,9.04125,22.8414,0,99,67,62,1890,6801,4.81647,215,13.3494,0,0,4670,247634747693
110.724,9.03146,22.8414,0,99,67,62,1890,6801,4.81647,215,13.3494,0,0,4670,247734830088
104.262,9.59124,22.8414,0,99,67,62,1890,6801,4.81647,215,13.3494,0,0,4670,247834916682
101.062,9.89492,17.8147,0,99,68,62,1890,6801,4.80944,215,13.3526,0,0,4674,247935009887
93.1548,10.7348,17.8147,0,99,68,62,1890,6801,4.80944,215,13.3526,0,0,4674,248035112321
140.702,7.10724,17.8147,0,99,68,62,1890,6801,4.80944,215,13.3526,0,0,4674,248135199136
105.191,9.5065,17.8147,0,99,68,62,1890,6801,4.80944,215,13.3526,0,0,4674,248235295220
109.378,9.14261,21.8972,0,77,68,59,1890,6801,4.81393,210,13.3476,0,0,4650,248335390695
105.666,9.46378,21.8972,0,77,68,59,1890,6801,4.81393,210,13.3476,0,0,4650,248435460769
102.445,9.76131,21.8972,0,77,68,59,1890,6801,4.81393,210,13.3476,0,0,4650,248535550924
105.153,9.50997,21.8972,0,77,68,59,1890,6801,4.81393,210,13.3476,0,0,4650,248635606948
92.285,10.836,21.8972,0,77,68,59,1890,6801,4.81393,210,13.3476,0,0,4650,248735705553
100.274,9.97263,17.6377,0,99,68,62,1890,6801,4.80123,208,13.3547,0,0,4650,248835799077
87.6179,11.4132,17.6377,0,99,68,62,1890,6801,4.80123,208,13.3547,0,0,4650,248935887392
93.9769,10.6409,17.6377,0,99,68,62,1890,6801,4.80123,208,13.3547,0,0,4650,249035974116
94.1665,10.6195,17.6377,0,99,68,62,1890,6801,4.80123,208,13.3547,0,0,4650,249136061091
85.9469,11.6351,17.6377,0,99,68,62,1890,6801,4.80123,208,13.3547,0,0,4650,249236145835
89.4331,11.1815,26.88,0,98,68,62,1890,6801,4.81158,208,13.3666,0,0,4625,249336233060
90.3922,11.0629,26.88,0,98,68,62,1890,6801,4.81158,208,13.3666,0,0,4625,249436328234
97.5353,10.2527,26.88,0,98,68,62,1890,6801,4.81158,208,13.3666,0,0,4625,249536423169
87.2757,11.4579,26.88,0,98,68,62,1890,6801,4.81158,208,13.3666,0,0,4625,249636517593
91.5604,10.9218,26.88,0,98,68,62,1890,6801,4.81158,208,13.3666,0,0,4625,249736602058
97.6277,10.243,26.88,0,98,68,62,1890,6801,4.81158,208,13.3666,0,0,4625,249836708082
85.089,11.7524,23.1504,0,98,68,62,1890,6801,4.80944,211,13.3677,0,0,4625,249936802097
84.4837,11.8366,23.1504,0,98,68,62,1890,6801,4.80944,211,13.3677,0,0,4625,250036885591
96.0407,10.4122,23.1504,0,98,68,62,1890,6801,4.80944,211,13.3677,0,0,4625,250136966476
117.115,8.53863,23.1504,0,98,68,62,1890,6801,4.80944,211,13.3677,0,0,4625,250237049590
101.787,9.82442,20.0477,0,98,68,62,1890,6801,4.80865,211,13.3703,0,0,4599,250337134035
93.8999,10.6496,20.0477,0,98,68,62,1890,6801,4.80865,211,13.3703,0,0,4599,250437229179
112.367,8.89942,20.0477,0,98,68,62,1890,6801,4.80865,211,13.3703,0,0,4599,250537329154
104.669,9.5539,20.0477,0,98,68,62,1890,6801,4.80865,211,13.3703,0,0,4599,250637418188
98.9038,10.1108,20.0477,0,98,68,62,1890,6801,4.80865,211,13.3703,0,0,4599,250737504493
109.509,9.13166,21.5311,0,98,68,62,1890,6801,4.80865,211,13.3648,0,0,4686,250837594257
107.596,9.29404,21.5311,0,98,68,62,1890,6801,4.80865,211,13.3648,0,0,4686,250937695122
106.398,9.39866,21.5311,0,98,68,62,1890,6801,4.80865,211,13.3648,0,0,4686,251037784576
101.733,9.8297,21.5311,0,98,68,62,1890,6801,4.80865,211,13.3648,0,0,4686,251137865111
104.079,9.60813,21.5311,0,98,68,62,1890,6801,4.80865,211,13.3648,0,0,4686,251237950185
101.283,9.87334,18.9103,0,98,68,62,1890,6801,4.80865,211,13.3643,0,0,4710,251338038770
103.339,9.6769,18.9103,0,98,68,62,1890,6801,4.80865,211,13.3643,0,0,4710,251438123484
115.412,8.66458,18.9103,0,98,68,62,1890,6801,4.80865,211,13.3643,0,0,4710,251538171158
107.947,9.26383,18.9103,0,98,68,62,1890,6801,4.80865,211,13.3643,0,0,4710,251638255683
108.886,9.18396,18.9103,0,98,68,62,1890,6801,4.80865,211,13.3643,0,0,4710,251738354777
107.31,9.31884,18.9103,0,98,68,62,1890,6801,4.80865,211,13.3643,0,0,4710,251838466382
97.2343,10.2844,19.6217,0,98,68,62,1890,6801,4.80865,212,13.3685,0,0,4644,251938561396
102.879,9.7202,19.6217,0,98,68,62,1890,6801,4.80865,212,13.3685,0,0,4644,252038656461
95.1875,10.5056,19.6217,0,98,68,62,1890,6801,4.80865,212,13.3685,0,0,4644,252138750655
113.599,8.80286,19.6217,0,98,68,62,1890,6801,4.80865,212,13.3685,0,0,4644,252238835370
106.078,9.42699,19.6217,0,98,68,62,1890,6801,4.80865,212,13.3685,0,0,4644,252338955174
107.056,9.34089,19.0701,0,98,68,62,1890,6801,4.80865,213,13.3579,0,0,4653,252439038789
95.5624,10.4644,19.0701,0,98,68,62,1890,6801,4.80865,213,13.3579,0,0,4653,252539123703
101.948,9.80893,19.0701,0,98,68,62,1890,6801,4.80865,213,13.3579,0,0,4653,252639212098
96.4491,10.3682,19.0701,0,98,68,62,1890,6801,4.80865,213,13.3579,0,0,4653,252739298592
102.806,9.72707,19.0701,0,98,68,62,1890,6801,4.80865,213,13.3579,0,0,4653,252839380287
99.2803,10.0725,17.8457,0,99,68,62,1890,6801,4.80865,213,13.3592,0,0,4724,252939477471
104.123,9.60404,17.8457,0,99,68,62,1890,6801,4.80865,213,13.3592,0,0,4724,253039574886
101.025,9.89855,17.8457,0,99,68,62,1890,6801,4.80865,213,13.3592,0,0,4724,253139663480
106.235,9.4131,17.8457,0,99,68,62,1890,6801,4.80865,213,13.3592,0,0,4724,253239748765
78.3241,12.7675,17.8457,0,99,68,62,1890,6801,4.80865,213,13.3592,0,0,4724,253339836919
120.379,8.30713,18.4481,0,98,68,62,1890,6801,4.80865,213,13.3806,0,0,4625,253439945304
85.973,11.6316,18.4481,0,98,68,62,1890,6801,4.80865,213,13.3806,0,0,4625,253540029268
111.322,8.98292,18.4481,0,98,68,62,1890,6801,4.80865,213,13.3806,0,0,4625,253640118043
106.891,9.35529,18.4481,0,98,68,62,1890,6801,4.80865,213,13.3806,0,0,4625,253740201037
108.089,9.25162,18.4481,0,98,68,62,1890,6801,4.80865,213,13.3806,0,0,4625,253840287882
93.7407,10.6677,20.3336,0,98,67,62,1890,6801,4.81569,213,13.3838,0,0,4700,253940393136
103.717,9.64159,20.3336,0,98,67,62,1890,6801,4.81569,213,13.3838,0,0,4700,254040479711
113.598,8.80295,20.3336,0,98,67,62,1890,6801,4.81569,213,13.3838,0,0,4700,254140558965
117.029,8.54489,20.3336,0,98,67,62,1890,6801,4.81569,213,13.3838,0,0,4700,254240650900
105.564,9.47291,20.3336,0,98,67,62,1890,6801,4.81569,213,13.3838,0,0,4700,254340740164
88.1768,11.3408,17.8027,0,98,67,62,1890,6801,4.81022,213,13.384,0,0,4725,254440830149
96.464,10.3666,17.8027,0,98,67,62,1890,6801,4.81022,213,13.384,0,0,4725,254540921163
110.521,9.04802,17.8027,0,98,67,62,1890,6801,4.81022,213,13.384,0,0,4725,254641034078
102.722,9.73504,17.8027,0,98,67,62,1890,6801,4.81022,213,13.384,0,0,4725,254741115192
120.87,8.27334,17.8027,0,98,67,62,1890,6801,4.81022,213,13.384,0,0,4725,254841198337
104.841,9.53828,20.46,0,99,67,62,1890,6801,4.81647,213,13.3907,0,0,4675,254941290141
113.267,8.8287,20.46,0,99,67,62,1890,6801,4.81647,213,13.3907,0,0,4675,255041372636
114.599,8.72605,20.46,0,99,67,62,1890,6801,4.81647,213,13.3907,0,0,4675,255141461230
99.5951,10.0407,20.46,0,99,67,62,1890,6801,4.81647,213,13.3907,0,0,4675,255241550175
92.07,10.8613,20.46,0,99,67,62,1890,6801,4.81647,213,13.3907,0,0,4675,255341634679
94.7648,10.5524,18.8498,0,99,67,62,1890,6801,4.80944,214,13.3903,0,0,4591,255441692724
96.6408,10.3476,18.8498,0,99,67,62,1890,6801,4.80944,214,13.3903,0,0,4591,255541801958
53.396,18.728,18.8498,0,99,67,62,1890,6801,4.80944,214,13.3903,0,0,4591,255641886303
97.5781,10.2482,18.8498,0,99,67,62,1890,6801,4.80944,214,13.3903,0,0,4591,255741983117
93.3679,10.7103,18.8498,0,99,67,62,1890,6801,4.80944,214,13.3903,0,0,4591,255842068162
103.36,9.67495,19.9359,0,99,67,62,1890,6801,4.81725,214,13.3893,0,0,4650,255942149646
96.3123,10.3829,19.9359,0,99,67,62,1890,6801,4.81725,214,13.3893,0,0,4650,256042234370
96.4262,10.3706,19.9359,0,99,67,62,1890,6801,4.81725,214,13.3893,0,0,4650,256142327345
102.151,9.78944,19.9359,0,99,67,62,1890,6801,4.81725,214,13.3893,0,0,4650,256242403409
102.56,9.75035,19.9359,0,99,67,62,1890,6801,4.81725,214,13.3893,0,0,4650,256342481624
98.0845,10.1953,15.9968,0,99,67,62,1890,6801,4.80865,215,13.3659,0,0,4654,256442562888
103.37,9.67402,15.9968,0,99,67,62,1890,6801,4.80865,215,13.3659,0,0,4654,256542645153
99.8448,10.0155,15.9968,0,99,67,62,1890,6801,4.80865,215,13.3659,0,0,4654,256642705407
109.837,9.1044,15.9968,0,99,67,62,1890,6801,4.80865,215,13.3659,0,0,4654,256742785102
98.7194,10.1297,15.9968,0,99,67,62,1890,6801,4.80865,215,13.3659,0,0,4654,256842868166
100.101,9.98987,16.1672,0,99,67,62,1890,6801,4.80865,215,13.366,0,0,4746,256942954901
104.074,9.60859,16.1672,0,99,67,62,1890,6801,4.80865,215,13.366,0,0,4746,257043037385
99.5851,10.0417,16.1672,0,99,67,62,1890,6801,4.80865,215,13.366,0,0,4746,257143167080
99.3734,10.0631,16.1672,0,99,67,62,1890,6801,4.80865,215,13.366,0,0,4746,257243256794
101.036,9.89747,16.1672,0,99,67,62,1890,6801,4.80865,215,13.366,0,0,4746,257343345589
105.37,9.49034,16.1442,0,99,67,62,1890,6801,4.80865,219,13.368,0,0,4674,257443449513
94.9691,10.5297,16.1442,0,99,67,62,1890,6801,4.80865,219,13.368,0,0,4674,257543535828
105.81,9.4509,16.1442,0,99,67,62,1890,6801,4.80865,219,13.368,0,0,4674,257643627582
96.0906,10.4068,16.1442,0,99,67,62,1890,6801,4.80865,219,13.368,0,0,4674,257743727427
109.785,9.10868,16.1442,0,99,67,62,1890,6801,4.80865,219,13.368,0,0,4674,257843816791
96.9507,10.3145,15.9055,0,99,66,63,1890,6801,4.80865,220,13.3669,0,0,4724,257943898476
101.632,9.83945,15.9055,0,99,66,63,1890,6801,4.80865,220,13.3669,0,0,4724,258043977930
96.5152,10.3611,15.9055,0,99,66,63,1890,6801,4.80865,220,13.3669,0,0,4724,258144061175
99.9837,10.0016,15.9055,0,99,66,63,1890,6801,4.80865,220,13.3669,0,0,4724,258244146779
109.004,9.17398,15.9055,0,99,66,63,1890,6801,4.80865,220,13.3669,0,0,4724,258344250834
110.383,9.05935,16.2717,0,99,66,63,1890,6801,4.80865,221,13.3716,0,0,4700,258444335448
104.627,9.55773,16.2717,0,99,66,63,1890,6801,4.80865,221,13.3716,0,0,4700,258544416753
98.5113,10.1511,16.2717,0,99,66,63,1890,6801,4.80865,221,13.3716,0,0,4700,258644501547
98.9689,10.1042,16.2717,0,99,66,63,1890,6801,4.80865,221,13.3716,0,0,4700,258744596782
87.4146,11.4397,16.2717,0,99,66,63,1890,6801,4.80865,221,13.3716,0,0,4700,258844680966
100.451,9.95513,15.5679,0,99,66,63,1890,6801,4.80865,220,13.3698,0,0,4721,258944772381
104.482,9.57103,15.5679,0,99,66,63,1890,6801,4.80865,220,13.3698,0,0,4721,259044849835
102.319,9.77339,15.5679,0,99,66,63,1890,6801,4.80865,220,13.3698,0,0,4721,259144935200
111.55,8.96456,15.5679,0,99,66,63,1890,6801,4.80865,220,13.3698,0,0,4721,259245019694
104.838,9.53852,15.5679,0,99,66,63,1890,6801,4.80865,220,13.3698,0,0,4721,259345101869
105.098,9.51491,15.5679,0,99,66,63,1890,6801,4.80865,220,13.3698,0,0,4721,259445181413
94.9792,10.5286,15.2122,0,99,66,63,1890,6801,4.80865,220,13.367,0,0,4749,259545262288
92.1313,10.8541,15.2122,0,99,66,63,1890,6801,4.80865,220,13.367,0,0,4749,259645343682
103.553,9.65692,15.2122,0,99,66,63,1890,6801,4.80865,220,13.367,0,0,4749,259745425777
86.3125,11.5858,15.2122,0,99,66,63,1890,6801,4.80865,220,13.367,0,0,4749,259845511491
95.2601,10.4976,14.0127,0,99,66,63,1890,6801,4.80865,223,13.3686,0,0,4725,259945593026
94.3049,10.6039,14.0127,0,99,66,63,1890,6801,4.80865,223,13.3686,0,0,4725,260045677660
90.8507,11.0071,14.0127,0,99,66,63,1890,6801,4.80865,223,13.3686,0,0,4725,260145752255
91.3819,10.9431,14.0127,0,99,66,63,1890,6801,4.80865,223,13.3686,0,0,4725,260245834919
96.7466,10.3363,14.0127,0,99,66,63,1890,6801,4.80865,223,13.3686,0,0,4725,260345918184
114.427,8.7392,16.8521,0,99,66,63,1890,6801,4.80865,224,13.3792,0,0,4625,260446004318
119.202,8.38915,16.8521,0,99,66,63,1890,6801,4.80865,224,13.3792,0,0,4625,260546095883
88.8594,11.2537,16.8521,0,99,66,63,1890,6801,4.80865,224,13.3792,0,0,4625,260646179367
122.286,8.17756,16.8521,0,99,66,63,1890,6801,4.80865,224,13.3792,0,0,4625,260746262621
92.1264,10.8546,16.8521,0,99,66,63,1890,6801,4.80865,224,13.3792,0,0,4625,260846348966
93.0075,10.7518,15.0883,0,99,66,63,1890,6801,4.80865,224,13.3779,0,0,4692,260946431490
87.8423,11.384,15.0883,0,99,66,63,1890,6801,4.80865,224,13.3779,0,0,4692,261046515215
87.8539,11.3825,15.0883,0,99,66,63,1890,6801,4.80865,224,13.3779,0,0,4692,261146601819
98.1691,10.1865,15.0883,0,99,66,63,1890,6801,4.80865,224,13.3779,0,0,4692,261246688274
86.0371,11.6229,15.0883,0,99,66,63,1890,6801,4.80865,224,13.3779,0,0,4692,261346765318
91.6822,10.9072,15.0883,0,99,66,63,1890,6801,4.80865,224,13.3779,0,0,4692,261446854253
84.3833,11.8507,14.9137,0,99,66,63,1890,6801,4.80865,223,13.3805,0,0,4749,261546940807
88.7198,11.2714,14.9137,0,99,66,63,1890,6801,4.80865,223,13.3805,0,0,4749,261647027552
96.6474,10.3469,14.9137,0,99,66,63,1890,6801,4.80865,223,13.3805,0,0,4749,261747115226
88.9584,11.2412,14.9137,0,99,66,63,1890,6801,4.80865,223,13.3805,0,0,4749,261847217301
91.4336,10.9369,14.9137,0,99,66,63,1890,6801,4.80865,223,13.3805,0,0,4749,261947329505
95.0184,10.5243,15.3239,0,99,66,63,1890,6801,4.80865,222,13.383,0,0,4673,262047441780
98.9573,10.1054,15.3239,0,99,66,63,1890,6801,4.80865,222,13.383,0,0,4673,262147524414
92.0848,10.8596,15.3239,0,99,66,63,1890,6801,4.80865,222,13.383,0,0,4673,262247608369
93.7773,10.6636,15.3239,0,99,66,63,1890,6801,4.80865,222,13.383,0,0,4673,262347692453
94.2694,10.6079,15.3239,0,99,66,63,1890,6801,4.80865,222,13.383,0,0,4673,262447782268
95.7476,10.4441,14.4462,0,99,66,63,1890,6801,4.80865,222,13.3838,0,0,4725,262547898002
90.6413,11.0325,14.4462,0,99,66,63,1890,6801,4.80865,222,13.3838,0,0,4725,262647978887
96.3038,10.3838,14.4462,0,99,66,63,1890,6801,4.80865,222,13.3838,0,0,4725,262748061701
91.0221,10.9863,14.4462,0,99,66,63,1890,6801,4.80865,222,13.3838,0,0,4725,262848141916
98.0432,10.1996,14.4462,0,99,66,63,1890,6801,4.80865,222,13.3838,0,0,4725,262948221090
89.808,11.1349,14.6226,0,99,66,63,1890,6801,4.80865,222,13.3824,0,0,4725,263048306965
93.1399,10.7365,14.6226,0,99,66,63,1890,6801,4.80865,222,13.3824,0,0,4725,263148385129
99.1787,10.0828,14.6226,0,99,66,63,1890,6801,4.80865,222,13.3824,0,0,4725,263248467274
89.9022,11.1232,14.6226,0,99,66,63,1890,6801,4.80865,222,13.3824,0,0,4725,263348545568
86.7995,11.5208,14.6226,0,99,66,63,1890,6801,4.80865,222,13.3824,0,0,4725,263448629383
90.1514,11.0924,14.6226,0,99,66,63,1890,6801,4.80865,222,13.3824,0,0,4725,263548713537
92.8303,10.7723,14.9289,0,99,65,63,1890,6801,4.80865,222,13.3833,0,0,4724,263648792102
79.6397,12.5566,14.9289,0,99,65,63,1890,6801,4.80865,222,13.3833,0,0,4724,263748877596
93.9998,10.6383,14.9289,0,99,65,63,1890,6801,4.80865,222,13.3833,0,0,4724,263848960011
97.5465,10.2515,14.9289,0,99,65,63,1890,6801,4.80865,222,13.3833,0,0,4724,263949041745
103.135,9.69603,16.1859,0,99,65,63,1890,6801,4.80865,222,13.3847,0,0,4675,264049126160
116.683,8.57021,16.1859,0,99,65,63,1890,6801,4.80865,222,13.3847,0,0,4675,264149210944
103.575,9.65484,16.1859,0,99,65,63,1890,6801,4.80865,222,13.3847,0,0,4675,264249299559
118.392,8.44652,16.1859,0,99,65,63,1890,6801,4.80865,222,13.3847,0,0,4675,264349385273
99.0619,10.0947,16.1859,0,99,65,63,1890,6801,4.80865,222,13.3847,0,0,4675,264449469098
114.087,8.76527,17.4941,0,99,65,63,1890,6801,4.81178,222,13.397,0,0,4720,264549551502
97.1902,10.2891,17.4941,0,99,65,63,1890,6801,4.81178,222,13.397,0,0,4720,264649636687
103.062,9.70289,17.4941,0,99,65,63,1890,6801,4.81178,222,13.397,0,0,4720,264749724341
97.8809,10.2165,17.4941,0,99,65,63,1890,6801,4.81178,222,13.397,0,0,4720,264849807236
98.0342,10.2005,17.4941,0,99,65,63,1890,6801,4.81178,222,13.397,0,0,4720,264949890060
94.9618,10.5305,15.4517,0,99,65,63,1890,6801,4.8149,221,13.3988,0,0,4725,265049979375
95.3179,10.4912,15.4517,0,99,65,63,1890,6801,4.8149,221,13.3988,0,0,4725,265150058839
112.191,8.91335,15.4517,0,99,65,63,1890,6801,4.8149,221,13.3988,0,0,4725,265250147204
98.4406,10.1584,15.4517,0,99,65,63,1890,6801,4.8149,221,13.3988,0,0,4725,265350232388
106.253,9.41147,15.4517,0,99,65,63,1890,6801,4.8149,221,13.3988,0,0,4725,265450324902
91.5378,10.9244,15.4517,0,99,65,63,1890,6801,4.8149,221,13.3988,0,0,4725,265550413927
106.151,9.42052,17.4224,0,99,65,63,1890,6801,4.80865,221,13.3558,0,0,4697,265650500801
118.709,8.42397,17.4224,0,99,65,63,1890,6801,4.80865,221,13.3558,0,0,4697,265750584576
111.866,8.93929,17.4224,0,99,65,63,1890,6801,4.80865,221,13.3558,0,0,4697,265850630810
117.556,8.50656,17.4224,0,99,65,63,1890,6801,4.80865,221,13.3558,0,0,4697,265950716425
54.5572,18.3294,21.2219,0,99,65,63,1890,6801,4.80865,221,13.3613,0,0,4646,266050811419
127.775,7.82626,21.2219,0,99,65,63,1890,6801,4.80865,221,13.3613,0,0,4646,266150903574
112.091,8.92132,21.2219,0,99,65,63,1890,6801,4.80865,221,13.3613,0,0,4646,266250987168
104.85,9.53745,21.2219,0,99,65,63,1890,6801,4.80865,221,13.3613,0,0,4646,266351084233
123.814,8.07664,21.2219,0,99,65,63,1890,6801,4.80865,221,13.3613,0,0,4646,266451171697
111.066,9.00369,19.2308,0,98,65,63,1890,6801,4.81647,221,13.3538,0,0,4674,266551257182
111.512,8.96764,19.2308,0,98,65,63,1890,6801,4.81647,221,13.3538,0,0,4674,266651342256
114.336,8.74619,19.2308,0,98,65,63,1890,6801,4.81647,221,13.3538,0,0,4674,266751423511
110.711,9.03254,19.2308,0,98,65,63,1890,6801,4.81647,221,13.3538,0,0,4674,266851506565
127.327,7.85378,19.2308,0,98,65,63,1890,6801,4.81647,221,13.3538,0,0,4674,266951595710
113.005,8.84915,18.9274,0,98,65,62,1890,6801,4.81569,217,13.353,0,0,4725,267051677174
108.57,9.21063,18.9274,0,98,65,62,1890,6801,4.81569,217,13.353,0,0,4725,267151771999
111.343,8.98122,18.9274,0,98,65,62,1890,6801,4.81569,217,13.353,0,0,4725,267251839813
114.182,8.75795,18.9274,0,98,65,62,1890,6801,4.81569,217,13.353,0,0,4725,267351947128
116.185,8.60694,18.9274,0,98,65,62,1890,6801,4.81569,217,13.353,0,0,4725,267452034412
109.969,9.09346,18.9274,0,98,65,62,1890,6801,4.81569,217,13.353,0,0,4725,267552118697
104.267,9.59079,17.7165,0,98,65,62,1890,6801,4.81451,213,13.3473,0,0,4698,267652205091
111.392,8.97731,17.7165,0,98,65,62,1890,6801,4.81451,213,13.3473,0,0,4698,267752297856
97.2729,10.2804,17.7165,0,98,65,62,1890,6801,4.81451,213,13.3473,0,0,4698,267852401830
107.908,9.26713,17.7165,0,98,65,62,1890,6801,4.81451,213,13.3473,0,0,4698,267952493585
116.4,8.59106,18.3333,0,98,65,63,1890,6801,4.81451,214,13.3476,0,0,4636,268052576469
113.02,8.84801,18.3333,0,98,65,63,1890,6801,4.81451,214,13.3476,0,0,4636,268152662944
111.14,8.99764,18.3333,0,98,65,63,1890,6801,4.81451,214,13.3476,0,0,4636,268252750188
115.652,8.64664,18.3333,0,98,65,63,1890,6801,4.81451,214,13.3476,0,0,4636,268352834653
116.34,8.59551,18.3333,0,98,65,63,1890,6801,4.81451,214,13.3476,0,0,4636,268452947947
104.284,9.58916,17.2956,0,98,65,63,1890,6801,4.81451,216,13.3588,0,0,4700,268553034802
131.824,7.58588,17.2956,0,98,65,63,1890,6801,4.81451,216,13.3588,0,0,4700,268653120076
126.381,7.91257,17.2956,0,98,65,63,1890,6801,4.81451,216,13.3588,0,0,4700,268753202001
108.068,9.25347,17.2956,0,98,65,63,1890,6801,4.81451,216,13.3588,0,0,4700,268853294365
112.864,8.86023,17.2956,0,98,65,63,1890,6801,4.81451,216,13.3588,0,0,4700,268953383760
106.399,9.39863,17.2414,0,98,65,63,1890,6801,4.81451,216,13.3575,0,0,4699,269053470374
118.885,8.41151,17.2414,0,98,65,63,1890,6801,4.81451,216,13.3575,0,0,4699,269153566419
117.436,8.51529,17.2414,0,98,65,63,1890,6801,4.81451,216,13.3575,0,0,4699,269253654953
108.517,9.21512,17.2414,0,98,65,63,1890,6801,4.81451,216,13.3575,0,0,4699,269353746198
107.869,9.27052,17.2414,0,98,65,63,1890,6801,4.81451,216,13.3575,0,0,4699,269453828372
114.476,8.73547,17.2414,0,98,65,63,1890,6801,4.81451,216,13.3575,0,0,4699,269553916437
108.286,9.23477,16.6267,0,99,64,62,1890,6801,4.81451,217,13.3542,0,0,4646,269653999211
106.184,9.4176,16.6267,0,99,64,62,1890,6801,4.81451,217,13.3542,0,0,4646,269754094876
103.304,9.6802,16.6267,0,99,64,62,1890,6801,4.81451,217,13.3542,0,0,4646,269854187240
108.194,9.24263,16.6267,0,99,64,62,1890,6801,4.81451,217,13.3542,0,0,4646,269954269775
118.419,8.44462,17.9589,0,99,64,62,1890,6801,4.81451,217,13.3546,0,0,4607,270054356599
102.413,9.76439,17.9589,0,99,64,62,1890,6801,4.81451,217,13.3546,0,0,4607,270154436933
133.766,7.47574,17.9589,0,99,64,62,1890,6801,4.81451,217,13.3546,0,0,4607,270254517758
130.14,7.68401,17.9589,0,99,64,62,1890,6801,4.81451,217,13.3546,0,0,4607,270354611582
98.3975,10.1629,17.9589,0,99,64,62,1890,6801,4.81451,217,13.3546,0,0,4607,270454704547
100.876,9.91316,19.2982,0,98,64,63,1890,6801,4.81657,216,13.3846,0,0,4650,270554790131
116.058,8.61639,19.2982,0,98,64,63,1890,6801,4.81657,216,13.3846,0,0,4650,270654878736
107.14,9.33362,19.2982,0,98,64,63,1890,6801,4.81657,216,13.3846,0,0,4650,270754965940
117.36,8.52079,19.2982,0,98,64,63,1890,6801,4.81657,216,13.3846,0,0,4650,270855056395
112.525,8.88694,19.2982,0,98,64,63,1890,6801,4.81657,216,13.3846,0,0,4650,270955163819
103.271,9.68329,17.1924,0,98,64,63,1890,6801,4.81539,216,13.3842,0,0,4699,271055254504
105.402,9.48747,17.1924,0,98,64,63,1890,6801,4.81539,216,13.3842,0,0,4699,271155345698
112.487,8.88992,17.1924,0,98,64,63,1890,6801,4.81539,216,13.3842,0,0,4699,271255430323
101.982,9.80569,17.1924,0,98,64,63,1890,6801,4.81539,216,13.3842,0,0,4699,271355524957
121.225,8.24913,17.1924,0,98,64,63,1890,6801,4.81539,216,13.3842,0,0,4699,271455618092
109.709,9.11504,17.1924,0,98,64,63,1890,6801,4.81539,216,13.3842,0,0,4699,271555709776
93.7332,10.6686,16.8121,0,99,65,63,1890,6801,4.80865,215,13.3863,0,0,4672,271655799621
119.905,8.33996,16.8121,0,99,65,63,1890,6801,4.80865,215,13.3863,0,0,4672,271755890835
98.4633,10.1561,16.8121,0,99,65,63,1890,6801,4.80865,215,13.3863,0,0,4672,271855977580
104.035,9.61216,16.8121,0,99,65,63,1890,6801,4.80865,215,13.3863,0,0,4672,271956070554
89.0182,11.2337,18.5657,0,99,65,63,1890,6801,4.80865,215,13.3878,0,0,4650,272056155289
132.71,7.53521,18.5657,0,99,65,63,1890,6801,4.80865,215,13.3878,0,0,4650,272156245643
97.1288,10.2956,18.5657,0,99,65,63,1890,6801,4.80865,215,13.3878,0,0,4650,272256338368
111.467,8.97129,18.5657,0,99,65,63,1890,6801,4.80865,215,13.3878,0,0,4650,272356419792
103.087,9.70051,18.5657,0,99,65,63,1890,6801,4.80865,215,13.3878,0,0,4650,272456519087
108.159,9.24568,18.5657,0,99,65,63,1890,6801,4.80865,215,13.3878,0,0,4650,272556606161
104.597,9.56054,22.6143,0,98,65,63,1890,6801,4.81276,215,13.378,0,0,4659,272656694706
101.332,9.86855,22.6143,0,98,65,63,1890,6801,4.81276,215,13.378,0,0,4659,272756784010
31.2859,31.9633,22.6143,0,98,65,63,1890,6801,4.81276,215,13.378,0,0,4659,272856866145
87.5454,11.4226,22.6143,0,98,65,63,1890,6801,4.81276,215,13.378,0,0,4659,272956907339
32.8962,30.3987,22.6143,0,98,65,63,1890,6801,4.81276,215,13.378,0,0,4659,273057036824
19.5242,51.2184,18.4064,0,98,65,63,1890,6801,4.8151,209,13.3836,0,0,4674,273157117498
21.0037,47.6106,18.4064,0,98,65,63,1890,6801,4.8151,209,13.3836,0,0,4674,273257200333
48.3744,20.6721,18.4064,0,98,65,63,1890,6801,4.8151,209,13.3836,0,0,4674,273357286457
48.3744,20.6721,18.4064,0,98,65,63,1890,6801,4.8151,209,13.3836,0,0,4674,273457365002
48.3744,20.6721,18.4064,0,98,65,63,1890,6801,4.8151,209,13.3836,0,0,4674,273557442236
48.3744,20.6721,18.4064,0,98,65,63,1890,6801,4.8151,209,13.3836,0,0,4674,273657521051
102.619,9.74477,18.4064,0,98,65,63,1890,6801,4.8151,209,13.3836,0,0,4674,273757599855
87.2374,11.463,10.9091,0,76,69,61,1890,6801,4.81305,200,13.4074,0,0,4650,273857679640
24.6157,40.6245,10.9091,0,76,69,61,1890,6801,4.81305,200,13.4074,0,0,4650,273957770994
11.5381,86.6695,10.9091,0,76,69,61,1890,6801,4.81305,200,13.4074,0,0,4650,274057851429
11.5381,86.6695,10.9091,0,76,69,61,1890,6801,4.81305,200,13.4074,0,0,4650,274157927293
11.5381,86.6695,10.9091,0,76,69,61,1890,6801,4.81305,200,13.4074,0,0,4650,274257999438
11.5381,86.6695,10.9091,0,76,69,61,1890,6801,4.81305,200,13.4074,0,0,4650,274358067682
11.5381,86.6695,10.9091,0,76,69,61,1890,6801,4.81305,200,13.4074,0,0,4650,274458136567
11.5381,86.6695,10.9091,0,76,69,61,1890,6801,4.81305,200,13.4074,0,0,4650,274558207391
11.5381,86.6695,10.9091,0,76,69,61,1890,6801,4.81305,200,13.4074,0,0,4650,274658289796
11.5381,86.6695,10.9091,0,76,69,61,1890,6801,4.81305,200,13.4074,0,0,4650,274758372070
1.1702,854.558,11.4422,0,14,69,54,1890,6801,4.78326,112,13.4549,0,0,4726,274858448194
1.1702,854.558,11.4422,0,14,69,54,1890,6801,4.78326,112,13.4549,0,0,4726,274958538029
1.1702,854.558,11.4422,0,14,69,54,1890,6801,4.78326,112,13.4549,0,0,4726,275058618883
1.1702,854.558,11.4422,0,14,69,54,1890,6801,4.78326,112,13.4549,0,0,4726,275158700848
1.1702,854.558,11.4422,0,14,69,54,1890,6801,4.78326,112,13.4549,0,0,4726,275258795312
1.1702,854.558,11.4422,0,14,69,54,1890,6801,4.78326,112,13.4549,0,0,4726,275358903427
1.1702,854.558,11.4422,0,14,69,54,1890,6801,4.78326,112,13.4549,0,0,4726,275459301361
1.1702,854.558,11.4422,0,14,69,54,1890,6801,4.78326,112,13.4549,0,0,4726,275559493946
1.1702,854.558,11.4422,0,14,69,54,1890,6801,4.78326,112,13.4549,0,0,4726,275659588880
1.1702,854.558,11.4422,0,14,69,54,1890,6801,4.78326,112,13.4549,0,0,4726,275759675925
1.1702,854.558,11.4422,0,14,69,54,1890,6801,4.78326,112,13.4549,0,0,4726,275859761159
0.908219,1101.06,41.5414,0,9,70,52,1890,6801,4.83053,66,13.6521,0,0,4623,275959843644
0.908219,1101.06,41.5414,0,9,70,52,1890,6801,4.83053,66,13.6521,0,0,4623,276059928958
0.908219,1101.06,41.5414,0,9,70,52,1890,6801,4.83053,66,13.6521,0,0,4623,276160024573
3.92513,254.768,41.5414,0,9,70,52,1890,6801,4.83053,66,13.6521,0,0,4623,276260114947
446.933,2.23747,41.5414,0,9,70,52,1890,6801,4.83053,66,13.6521,0,0,4623,276360203932
48.2903,20.7081,32.1885,0,5,70,51,1860,6801,4.87311,63,13.6641,0,0,4600,276460293946
94.4707,10.5853,32.1885,0,5,70,51,1860,6801,4.87311,63,13.6641,0,0,4600,276560383691
9.13371,109.485,32.1885,0,5,70,51,1860,6801,4.87311,63,13.6641,0,0,4600,276660474425
119.836,8.34473,32.1885,0,5,70,51,1860,6801,4.87311,63,13.6641,0,0,4600,276760563060
772.642,1.29426,32.1885,0,5,70,51,1860,6801,4.87311,63,13.6641,0,0,4600,276860697224
126.325,7.9161,32.1885,0,5,70,51,1860,6801,4.87311,63,13.6641,0,0,4600,276960788159
115.174,8.68255,21.9789,0,6,70,51,1770,6801,4.87311,62,13.601,0,0,4691,277060890803
131.436,7.60826,21.9789,0,6,70,51,1770,6801,4.87311,62,13.601,0,0,4691,277160982658
221.58,4.51304,21.9789,0,6,70,51,1770,6801,4.87311,62,13.601,0,0,4691,277261068272
142.21,7.03186,21.9789,0,6,70,51,1770,6801,4.87311,62,13.601,0,0,4691,277361174277
139.144,7.18682,21.9789,0,6,70,51,1770,6801,4.87311,62,13.601,0,0,4691,277461257251
169.209,5.90985,15.8488,0,34,72,54,1818,6801,4.80924,71,13.593,0,0,4648,277561350196
177.064,5.64767,15.8488,0,34,72,54,1818,6801,4.80924,71,13.593,0,0,4648,277661433030
152.152,6.57236,15.8488,0,34,72,54,1818,6801,4.80924,71,13.593,0,0,4648,277761524725
103.221,9.68797,15.8488,0,34,72,54,1818,6801,4.80924,71,13.593,0,0,4648,277861642809
129.67,7.71188,15.8488,0,34,72,54,1818,6801,4.80924,71,13.593,0,0,4648,277961729234
134.894,7.41324,16.2011,0,85,72,59,1890,6801,4.79889,121,13.5303,0,0,4714,278061832208
141.236,7.08037,16.2011,0,85,72,59,1890,6801,4.79889,121,13.5303,0,0,4714,278161922143
123.984,8.06553,16.2011,0,85,72,59,1890,6801,4.79889,121,13.5303,0,0,4714,278261969057
68.8197,14.5307,16.2011,0,85,72,59,1890,6801,4.79889,121,13.5303,0,0,4714,278362056282
68.8197,14.5307,16.2011,0,85,72,59,1890,6801,4.79889,121,13.5303,0,0,4714,278462138026
68.8197,14.5307,16.2011,0,85,72,59,1890,6801,4.79889,121,13.5303,0,0,4714,278562217491
68.8197,14.5307,16.2011,0,85,72,59,1890,6801,4.79889,121,13.5303,0,0,4714,278662303205
106.205,9.41577,9.8017,0,99,72,61,1890,6801,4.79889,194,13.5245,0,0,4750,278762391799
142.017,7.04142,9.8017,0,99,72,61,1890,6801,4.79889,194,13.5245,0,0,4750,278862471244
127.785,7.82566,9.8017,0,99,72,61,1890,6801,4.79889,194,13.5245,0,0,4750,278962554478
131.215,7.62106,9.8017,0,99,72,61,1890,6801,4.79889,194,13.5245,0,0,4750,279062637323
167.156,5.98244,9.8017,0,99,72,61,1890,6801,4.79889,194,13.5245,0,0,4750,279162727727
135.822,7.36257,9.8017,0,99,72,61,1890,6801,4.79889,194,13.5245,0,0,4750,279262814552
142.094,7.03758,18.88,0,37,71,57,1890,6801,4.8007,211,13.5106,0,0,4750,279362898266
127.909,7.81806,18.88,0,37,71,57,1890,6801,4.8007,211,13.5106,0,0,4750,279462982491
118.957,8.40639,18.88,0,37,71,57,1890,6801,4.8007,211,13.5106,0,0,4750,279563066195
136.576,7.32194,18.88,0,37,71,57,1890,6801,4.8007,211,13.5106,0,0,4750,279663146210
142.622,7.01156,12.3894,0,75,71,59,1890,6801,4.79352,176,13.5096,0,0,4675,279763230754
51.2917,19.4963,12.3894,0,75,71,59,1890,6801,4.79352,176,13.5096,0,0,4675,279863324239
132.217,7.56335,12.3894,0,75,71,59,1890,6801,4.79352,176,13.5096,0,0,4675,279963418083
200.799,4.9801,12.3894,0,75,71,59,1890,6801,4.79352,176,13.5096,0,0,4675,280063517408
160.438,6.23292,12.3894,0,75,71,59,1890,6801,4.79352,176,13.5096,0,0,4675,280163606512
168.724,5.92683,22.0884,0,99,71,61,1890,6801,4.79332,167,13.4582,0,0,4724,280263699327
161.206,6.20323,22.0884,0,99,71,61,1890,6801,4.79332,167,13.4582,0,0,4724,280363784561
165.627,6.03766,22.0884,0,99,71,61,1890,6801,4.79332,167,13.4582,0,0,4724,280463869736
165.867,6.02892,22.0884,0,99,71,61,1890,6801,4.79332,167,13.4582,0,0,4724,280563955920
162.867,6.13997,22.0884,0,99,71,61,1890,6801,4.79332,167,13.4582,0,0,4724,280663997135
162.718,6.14559,13.7161,0,24,71,58,1890,6801,4.77125,207,13.4529,0,0,4751,280764080629
170.491,5.86541,13.7161,0,24,71,58,1890,6801,4.77125,207,13.4529,0,0,4751,280864173044
166.139,6.01907,13.7161,0,24,71,58,1890,6801,4.77125,207,13.4529,0,0,4751,280964258498
164.37,6.08385,13.7161,0,24,71,58,1890,6801,4.77125,207,13.4529,0,0,4751,281064346563
167.291,5.97762,13.7161,0,24,71,58,1890,6801,4.77125,207,13.4529,0,0,4751,281164425347
171.097,5.84465,12.08,0,91,70,60,1890,6801,4.75817,198,13.4507,0,0,4780,281264508752
161.614,6.1876,12.08,0,91,70,60,1890,6801,4.75817,198,13.4507,0,0,4780,281364591876
157.866,6.33449,12.08,0,91,70,60,1890,6801,4.75817,198,13.4507,0,0,4780,281464686781
165.94,6.02627,12.08,0,91,70,60,1890,6801,4.75817,198,13.4507,0,0,4780,281564781455
166.102,6.02038,12.08,0,91,70,60,1890,6801,4.75817,198,13.4507,0,0,4780,281664868030
166.523,6.00518,10.6145,0,90,70,61,1890,6801,4.73785,190,13.4569,0,0,4656,281764952784
166.128,6.01947,10.6145,0,90,70,61,1890,6801,4.73785,190,13.4569,0,0,4656,281865010829
164.856,6.06591,10.6145,0,90,70,61,1890,6801,4.73785,190,13.4569,0,0,4656,281965100733
164.256,6.08807,10.6145,0,90,70,61,1890,6801,4.73785,190,13.4569,0,0,4656,282065184018
165.484,6.04287,10.6145,0,90,70,61,1890,6801,4.73785,190,13.4569,0,0,4656,282165271202
161.569,6.18932,12.9084,0,91,70,61,1890,6801,4.70035,198,13.4182,0,0,4672,282265354057
163.958,6.09913,12.9084,0,91,70,61,1890,6801,4.70035,198,13.4182,0,0,4672,282365409091
164.568,6.07652,12.9084,0,91,70,61,1890,6801,4.70035,198,13.4182,0,0,4672,282465499776
165.252,6.05138,12.9084,0,91,70,61,1890,6801,4.70035,198,13.4182,0,0,4672,282565579740
158.176,6.32208,12.9084,0,91,70,61,1890,6801,4.70035,198,13.4182,0,0,4672,282665662415
166.917,5.99101,12.9084,0,91,70,61,1890,6801,4.70035,198,13.4182,0,0,4672,282765740969
159.734,6.26039,12.2186,0,91,68,61,1890,6801,4.67535,198,13.4166,0,0,4758,282865795624
168.728,5.92669,12.2186,0,91,68,61,1890,6801,4.67535,198,13.4166,0,0,4758,282965876568
147.201,6.79343,12.2186,0,91,68,61,1890,6801,4.67535,198,13.4166,0,0,4758,283065957413
166.112,6.02002,12.2186,0,91,68,61,1890,6801,4.67535,198,13.4166,0,0,4758,283166029857
163.403,6.11983,12.6683,0,91,68,61,1890,6801,4.67535,198,13.4171,0,0,4722,283266110972
162.927,6.13773,12.6683,0,91,68,61,1890,6801,4.67535,198,13.4171,0,0,4722,283366192386
165.687,6.03548,12.6683,0,91,68,61,1890,6801,4.67535,198,13.4171,0,0,4722,283466274281
164.249,6.08833,12.6683,0,91,68,61,1890,6801,4.67535,198,13.4171,0,0,4722,283566355575
164.445,6.08105,12.6683,0,91,68,61,1890,6801,4.67535,198,13.4171,0,0,4722,283666436810
164.801,6.06792,11.0493,0,91,68,61,1890,6801,4.62848,199,13.4148,0,0,4690,283766518144
164.855,6.06595,11.0493,0,91,68,61,1890,6801,4.62848,199,13.4148,0,0,4690,283866598048
164.346,6.08472,11.0493,0,91,68,61,1890,6801,4.62848,199,13.4148,0,0,4690,283966680903
167,5.98803,11.0493,0,91,68,61,1890,6801,4.62848,199,13.4148,0,0,4690,284066769717
163.389,6.12035,11.0493,0,91,68,61,1890,6801,4.62848,199,13.4148,0,0,4690,284166857042
166.875,5.99251,12.1815,0,91,68,61,1890,6801,4.61285,199,13.4138,0,0,4748,284266945546
168.217,5.94471,12.1815,0,91,68,61,1890,6801,4.61285,199,13.4138,0,0,4748,284367037901
168.752,5.92584,12.1815,0,91,68,61,1890,6801,4.61285,199,13.4138,0,0,4748,284467134035
163.591,6.11279,12.1815,0,91,68,61,1890,6801,4.61285,199,13.4138,0,0,4748,284567216890
168.827,5.92323,12.1815,0,91,68,61,1890,6801,4.61285,199,13.4138,0,0,4748,284667302434
165.471,6.04334,12.1815,0,91,68,61,1890,6801,4.61285,199,13.4138,0,0,4748,284767386939
158.04,6.32752,11.9105,0,91,66,61,1890,6801,4.61285,199,13.4112,0,0,4749,284867472423
167.049,5.98627,11.9105,0,91,66,61,1890,6801,4.61285,199,13.4112,0,0,4749,284967556638
168.894,5.92088,11.9105,0,91,66,61,1890,6801,4.61285,199,13.4112,0,0,4749,285067650852
162.357,6.15926,11.9105,0,91,66,61,1890,6801,4.61285,199,13.4112,0,0,4749,285167746447
164.322,6.08563,12.6501,0,90,66,61,1890,6801,4.6066,199,13.4107,0,0,4774,285267827021
171.891,5.81763,12.6501,0,90,66,61,1890,6801,4.6066,199,13.4107,0,0,4774,285367906966
166.784,5.99578,12.6501,0,90,66,61,1890,6801,4.6066,199,13.4107,0,0,4774,285467990820
165.562,6.04002,12.6501,0,90,66,61,1890,6801,4.6066,199,13.4107,0,0,4774,285568053415
161.764,6.18186,12.6501,0,90,66,61,1890,6801,4.6066,199,13.4107,0,0,4774,285668135839
160.362,6.23591,13.7161,0,93,66,61,1890,6801,4.48785,199,13.3762,0,0,4718,285768188264
167.7,5.96302,13.7161,0,93,66,61,1890,6801,4.48785,199,13.3762,0,0,4718,285868276038
345.432,2.89493,13.7161,0,93,66,61,1890,6801,4.48785,199,13.3762,0,0,4718,285968393073
255.785,3.90954,13.7161,0,93,66,61,1890,6801,4.48785,199,13.3762,0,0,4718,286068479667
139.188,7.18454,13.7161,0,93,66,61,1890,6801,4.48785,199,13.3762,0,0,4718,286168585812
158.883,6.29393,26.3158,0,90,66,61,1890,6801,4.49586,199,13.3851,0,0,4625,286268657706
146.579,6.82228,26.3158,0,90,66,61,1890,6801,4.49586,199,13.3851,0,0,4625,286368725431
125.799,7.94918,26.3158,0,90,66,61,1890,6801,4.49586,199,13.3851,0,0,4625,286468817525
158.704,6.30103,26.3158,0,90,66,61,1890,6801,4.49586,199,13.3851,0,0,4625,286568915640
152.814,6.54389,26.3158,0,90,66,61,1890,6801,4.49586,199,13.3851,0,0,4625,286669004074
154.339,6.47926,26.3158,0,90,66,61,1890,6801,4.49586,199,13.3851,0,0,4625,286769069579
160.375,6.23537,16.3347,0,29,67,56,1890,6801,4.5028,191,13.3819,0,0,4675,286869179283
156.859,6.37514,16.3347,0,29,67,56,1890,6801,4.5028,191,13.3819,0,0,4675,286969264088
146.277,6.83633,16.3347,0,29,67,56,1890,6801,4.5028,191,13.3819,0,0,4675,287069349712
145.819,6.85784,16.3347,0,29,67,56,1890,6801,4.5028,191,13.3819,0,0,4675,287169439037
164.956,6.06222,15.7895,0,99,67,62,1890,6801,4.48981,191,13.3866,0,0,4725,287269526981
146.39,6.83105,15.7895,0,99,67,62,1890,6801,4.48981,191,13.3866,0,0,4725,287369619756
162.315,6.16086,15.7895,0,99,67,62,1890,6801,4.48981,191,13.3866,0,0,4725,287469717440
153.145,6.52978,15.7895,0,99,67,62,1890,6801,4.48981,191,13.3866,0,0,4725,287569797215
133.014,7.51798,15.7895,0,99,67,62,1890,6801,4.48981,191,13.3866,0,0,4725,287669882969
134.996,7.40763,18.1021,0,99,67,62,1890,6801,4.48981,207,13.3857,0,0,4692,287769973724
136.542,7.32375,18.1021,0,99,67,62,1890,6801,4.48981,207,13.3857,0,0,4692,287870081118
140.647,7.10998,18.1021,0,99,67,62,1890,6801,4.48981,207,13.3857,0,0,4692,287970170633
131.251,7.61901,18.1021,0,99,67,62,1890,6801,4.48981,207,13.3857,0,0,4692,288070252197
148.435,6.73697,18.1021,0,99,67,62,1890,6801,4.48981,207,13.3857,0,0,4692,288170338562
169.569,5.89729,19.0252,0,97,67,62,1890,6801,4.48981,227,13.3843,0,0,4600,288270422696
137.038,7.29725,19.0252,0,97,67,62,1890,6801,4.48981,227,13.3843,0,0,4600,288370507041
151.193,6.61405,19.0252,0,97,67,62,1890,6801,4.48981,227,13.3843,0,0,4600,288470592145
160.698,6.22286,19.0252,0,97,67,62,1890,6801,4.48981,227,13.3843,0,0,4600,288570674729
153.186,6.528,19.0252,0,97,67,62,1890,6801,4.48981,227,13.3843,0,0,4600,288670761624
165.232,6.05208,19.0252,0,97,67,62,1890,6801,4.48981,227,13.3843,0,0,4600,288770857448
153.044,6.53408,15.949,0,85,69,62,1890,6801,4.48981,224,13.369,0,0,4693,288870946083
173.101,5.77698,15.949,0,85,69,62,1890,6801,4.48981,224,13.369,0,0,4693,288971030517
159.401,6.2735,15.949,0,85,69,62,1890,6801,4.48981,224,13.369,0,0,4693,289071091662
164.151,6.09196,15.949,0,85,69,62,1890,6801,4.48981,224,13.369,0,0,4693,289171180856
156.781,6.37834,15.3664,0,85,69,62,1890,6801,4.48981,224,13.3713,0,0,4647,289271279071
156.752,6.37951,15.3664,0,85,69,62,1890,6801,4.48981,224,13.3713,0,0,4647,289371379635
170.496,5.86525,15.3664,0,85,69,62,1890,6801,4.48981,224,13.3713,0,0,4647,289471469900
160.753,6.22074,15.3664,0,85,69,62,1890,6801,4.48981,224,13.3713,0,0,4647,289571565644
146.198,6.84005,15.3664,0,85,69,62,1890,6801,4.48981,224,13.3713,0,0,4647,289671651719
176.531,5.66473,17.9447,0,84,69,62,1890,6801,4.48981,221,13.3729,0,0,4700,289771696043
146.911,6.80682,17.9447,0,84,69,62,1890,6801,4.48981,221,13.3729,0,0,4700,289871787698
156.682,6.38237,17.9447,0,84,69,62,1890,6801,4.48981,221,13.3729,0,0,4700,289971890682
123.639,8.08809,17.9447,0,84,69,62,1890,6801,4.48981,221,13.3729,0,0,4700,290071975987
141.834,7.05049,17.9447,0,84,69,62,1890,6801,4.48981,221,13.3729,0,0,4700,290172113851
140.783,7.10313,19.5704,0,99,69,63,1890,6801,4.48981,222,13.3728,0,0,4675,290272214756
165.131,6.05579,19.5704,0,99,69,63,1890,6801,4.48981,222,13.3728,0,0,4675,290372294950
158.352,6.31503,19.5704,0,99,69,63,1890,6801,4.48981,222,13.3728,0,0,4675,290472378795
151.205,6.61355,19.5704,0,99,69,63,1890,6801,4.48981,222,13.3728,0,0,4675,290572554959
154.704,6.46397,19.5704,0,99,69,63,1890,6801,4.48981,222,13.3728,0,0,4675,290672637854
157.125,6.36436,19.5704,0,99,69,63,1890,6801,4.48981,222,13.3728,0,0,4675,290772722318
159.418,6.27281,21.7736,0,99,71,63,1890,6801,4.48981,227,13.4119,0,0,4624,290872798693
148.103,6.75204,21.7736,0,99,71,63,1890,6801,4.48981,227,13.4119,0,0,4624,290972884307
146.444,6.82857,21.7736,0,99,71,63,1890,6801,4.48981,227,13.4119,0,0,4624,291072981772
159.792,6.25814,21.7736,0,99,71,63,1890,6801,4.48981,227,13.4119,0,0,4624,291173076816
150.713,6.63513,21.7736,0,99,71,63,1890,6801,4.48981,227,13.4119,0,0,4624,291273185501
176.248,5.67382,20.19,0,99,71,63,1890,6801,4.48981,227,13.4166,0,0,4705,291373270585
192.072,5.20639,20.19,0,99,71,63,1890,6801,4.48981,227,13.4166,0,0,4705,291473359240
150.026,6.66551,20.19,0,99,71,63,1890,6801,4.48981,227,13.4166,0,0,4705,291573441244
159.683,6.26241,20.19,0,99,71,63,1890,6801,4.48981,227,13.4166,0,0,4705,291673523299
139.882,7.14887,20.19,0,99,71,63,1890,6801,4.48981,227,13.4166,0,0,4705,291773609313
140.488,7.11806,19.4221,0,99,71,63,1890,6801,4.48981,227,13.4179,0,0,4687,291873699448
156.469,6.39105,19.4221,0,99,71,63,1890,6801,4.48981,227,13.4179,0,0,4687,291973796522
140.507,7.11711,19.4221,0,99,71,63,1890,6801,4.48981,227,13.4179,0,0,4687,292073881987
154.793,6.46026,19.4221,0,99,71,63,1890,6801,4.48981,227,13.4179,0,0,4687,292173964251
155.789,6.41894,19.4221,0,99,71,63,1890,6801,4.48981,227,13.4179,0,0,4687,292274046366
145.297,6.88247,19.4198,0,99,71,63,1890,6801,4.48981,227,13.4207,0,0,4699,292374132590
161.816,6.17987,19.4198,0,99,71,63,1890,6801,4.48981,227,13.4207,0,0,4699,292474215745
142.18,7.03333,19.4198,0,99,71,63,1890,6801,4.48981,227,13.4207,0,0,4699,292574302409
141.289,7.07769,19.4198,0,99,71,63,1890,6801,4.48981,227,13.4207,0,0,4699,292674383574
148.692,6.72533,19.4198,0,99,71,63,1890,6801,4.48981,227,13.4207,0,0,4699,292774480298
178.327,5.60768,15.9937,0,99,71,63,1890,6801,4.48981,226,13.4249,0,0,4675,292874569363
153.879,6.4986,15.9937,0,99,71,63,1890,6801,4.48981,226,13.4249,0,0,4675,292974661217
100.53,9.94726,15.9937,0,99,71,63,1890,6801,4.48981,226,13.4249,0,0,4675,293074745571
119.486,8.36917,15.9937,0,99,71,63,1890,6801,4.48981,226,13.4249,0,0,4675,293174828216
141.53,7.06565,15.9937,0,99,71,63,1890,6801,4.48981,226,13.4249,0,0,4675,293274912130
151.592,6.59665,19.586,0,94,71,62,1890,6801,4.49684,226,13.4386,0,0,4648,293374998565
136.557,7.32293,19.586,0,94,71,62,1890,6801,4.49684,226,13.4386,0,0,4648,293475092729
150.287,6.65393,19.586,0,94,71,62,1890,6801,4.49684,226,13.4386,0,0,4648,293575145464
148.165,6.74922,19.586,0,94,71,62,1890,6801,4.49684,226,13.4386,0,0,4648,293675232258
134.571,7.43101,19.586,0,94,71,62,1890,6801,4.49684,226,13.4386,0,0,4648,293775317113
137.293,7.28369,13.9921,0,66,71,61,1890,6801,4.49293,221,13.4394,0,0,4725,293875403477
151.319,6.60855,13.9921,0,66,71,61,1890,6801,4.49293,221,13.4394,0,0,4725,293975484122
138.201,7.23584,13.9921,0,66,71,61,1890,6801,4.49293,221,13.4394,0,0,4725,294075567906
130.323,7.67324,13.9921,0,66,71,61,1890,6801,4.49293,221,13.4394,0,0,4725,294175650331
143.179,6.98428,13.9921,0,66,71,61,1890,6801,4.49293,221,13.4394,0,0,4725,294275740925
146.34,6.83338,13.9888,0,99,71,63,1890,6801,4.49567,212,13.4402,0,0,4650,294375825260
147.546,6.77755,13.9888,0,99,71,63,1890,6801,4.49567,212,13.4402,0,0,4650,294475877184
685.594,1.45859,13.9888,0,99,71,63,1890,6801,4.49567,212,13.4402,0,0,4650,294575976419
136.96,7.30142,13.9888,0,99,71,63,1890,6801,4.49567,212,13.4402,0,0,4650,294676060053
131.772,7.58885,13.9888,0,99,71,63,1890,6801,4.49567,212,13.4402,0,0,4650,294776147578
138.294,7.23099,13.9888,0,99,71,63,1890,6801,4.49567,212,13.4402,0,0,4650,294876242212
142.956,6.99514,13.9535,0,96,70,62,1890,6801,4.49762,218,13.4306,0,0,4725,294976327387
153.967,6.49492,13.9535,0,96,70,62,1890,6801,4.49762,218,13.4306,0,0,4725,295076409151
132.54,7.54492,13.9535,0,96,70,62,1890,6801,4.49762,218,13.4306,0,0,4725,295176494276
131.361,7.6126,13.9535,0,96,70,62,1890,6801,4.49762,218,13.4306,0,0,4725,295276573080
125.429,7.97261,15.7177,0,95,70,62,1890,6801,4.49606,225,13.4365,0,0,4701,295376653225
137.786,7.25763,15.7177,0,95,70,62,1890,6801,4.49606,225,13.4365,0,0,4701,295476744359
121.743,8.21403,15.7177,0,95,70,62,1890,6801,4.49606,225,13.4365,0,0,4701,295576831494
143.573,6.96512,15.7177,0,95,70,62,1890,6801,4.49606,225,13.4365,0,0,4701,295676927628
119.684,8.35532,15.7177,0,95,70,62,1890,6801,4.49606,225,13.4365,0,0,4701,295777021673
147.68,6.7714,15.5556,0,95,70,62,1890,6801,4.49606,225,13.4493,0,0,4726,295877106427
132.074,7.57154,15.5556,0,95,70,62,1890,6801,4.49606,225,13.4493,0,0,4726,295977182282
139.35,7.17617,15.5556,0,95,70,62,1890,6801,4.49606,225,13.4493,0,0,4726,296077255746
127.339,7.85303,15.5556,0,95,70,62,1890,6801,4.49606,225,13.4493,0,0,4726,296177339831
130.621,7.65572,15.5556,0,95,70,62,1890,6801,4.49606,225,13.4493,0,0,4726,296277420535
124.663,8.02161,13.7629,0,99,70,63,1890,6801,4.49528,222,13.4537,0,0,4696,296377503450
132.076,7.57138,13.7629,0,99,70,63,1890,6801,4.49528,222,13.4537,0,0,4696,296477617204
130.121,7.68515,13.7629,0,99,70,63,1890,6801,4.49528,222,13.4537,0,0,4696,296577706519
137.448,7.2755,13.7629,0,99,70,63,1890,6801,4.49528,222,13.4537,0,0,4696,296677797743
119.229,8.38721,13.7629,0,99,70,63,1890,6801,4.49528,222,13.4537,0,0,4696,296777880078
126.527,7.90347,13.7629,0,99,70,63,1890,6801,4.49528,222,13.4537,0,0,4696,296877963252
123.911,8.07032,15.28,0,99,69,63,1890,6801,4.49762,223,13.4528,0,0,4650,296978048237
129.301,7.73392,15.28,0,99,69,63,1890,6801,4.49762,223,13.4528,0,0,4650,297078127151
122.463,8.16573,15.28,0,99,69,63,1890,6801,4.49762,223,13.4528,0,0,4650,297178185346
135.132,7.40016,15.28,0,99,69,63,1890,6801,4.49762,223,13.4528,0,0,4650,297278268120
130.693,7.65152,15.1394,0,99,69,62,1890,6801,4.49762,224,13.4533,0,0,4706,297378354635
126.851,7.88329,15.1394,0,99,69,62,1890,6801,4.49762,224,13.4533,0,0,4706,297478439209
131.324,7.61478,15.1394,0,99,69,62,1890,6801,4.49762,224,13.4533,0,0,4706,297578529154
130.531,7.66099,15.1394,0,99,69,62,1890,6801,4.49762,224,13.4533,0,0,4706,297678612188
142.619,7.0117,15.1394,0,99,69,62,1890,6801,4.49762,224,13.4533,0,0,4706,297778698262
130.876,7.64083,13.2016,0,99,69,63,1890,6801,4.49762,222,13.452,0,0,4798,297878785467
127.319,7.85426,13.2016,0,99,69,63,1890,6801,4.49762,222,13.452,0,0,4798,297978871971
125.682,7.95656,13.2016,0,99,69,63,1890,6801,4.49762,222,13.452,0,0,4798,298078961716
152.435,6.56017,13.2016,0,99,69,63,1890,6801,4.49762,222,13.452,0,0,4798,298179052370
129.662,7.71235,13.2016,0,99,69,63,1890,6801,4.49762,222,13.452,0,0,4798,298279173845
99.35,10.0654,13.7019,0,99,69,63,1890,6801,4.49762,221,13.4531,0,0,4691,298379294089
116.645,8.57303,13.7019,0,99,69,63,1890,6801,4.49762,221,13.4531,0,0,4691,298479380794
25.0956,39.8475,13.7019,0,99,69,63,1890,6801,4.49762,221,13.4531,0,0,4691,298579471808
125.778,7.95052,13.7019,0,99,69,63,1890,6801,4.49762,221,13.4531,0,0,4691,298679552393
139.283,7.17964,13.7019,0,99,69,63,1890,6801,4.49762,221,13.4531,0,0,4691,298779637917
144.231,6.9333,13.7019,0,99,69,63,1890,6801,4.49762,221,13.4531,0,0,4691,298879743902
157.979,6.32996,16.251,0,98,68,62,1890,6801,4.50143,221,13.4566,0,0,4675,298979825506
132.038,7.57359,16.251,0,98,68,62,1890,6801,4.50143,221,13.4566,0,0,4675,299079922831
145.443,6.87556,16.251,0,98,68,62,1890,6801,4.50143,221,13.4566,0,0,4675,299180009025
141.483,7.06798,16.251,0,98,68,62,1890,6801,4.50143,221,13.4566,0,0,4675,299280094710
140.167,7.13435,14.6803,0,84,68,61,1890,6801,4.50348,216,13.4578,0,0,4722,299380182674
138.441,7.22331,14.6803,0,84,68,61,1890,6801,4.50348,216,13.4578,0,0,4722,299480274659
135.51,7.37955,14.6803,0,84,68,61,1890,6801,4.50348,216,13.4578,0,0,4722,299580360483
139.753,7.15546,14.6803,0,84,68,61,1890,6801,4.50348,216,13.4578,0,0,4722,299680448868
129.848,7.7013,14.6803,0,84,68,61,1890,6801,4.50348,216,13.4578,0,0,4722,299780535962
128.529,7.78032,14.7673,0,99,68,63,1890,6801,4.50348,207,13.4546,0,0,4702,299880619717
152.44,6.55995,14.7673,0,99,68,63,1890,6801,4.50348,207,13.4546,0,0,4702,299980707601
142.039,7.04033,14.7673,0,99,68,63,1890,6801,4.50348,207,13.4546,0,0,4702,300080791706
138.784,7.20545,14.7673,0,99,68,63,1890,6801,4.50348,207,13.4546,0,0,4702,300180872350
136.159,7.34434,14.7673,0,99,68,63,1890,6801,4.50348,207,13.4546,0,0,4702,300280955595
147.299,6.78892,14.687,0,99,68,63,1890,6801,4.50348,214,13.4702,0,0,4675,300381052699
137.467,7.27448,14.687,0,99,68,63,1890,6801,4.50348,214,13.4702,0,0,4675,300481203844
136.816,7.30907,14.687,0,99,68,63,1890,6801,4.50348,214,13.4702,0,0,4675,300581318688
135.569,7.3763,14.687,0,99,68,63,1890,6801,4.50348,214,13.4702,0,0,4675,300681400923
138.731,7.20819,14.687,0,99,68,63,1890,6801,4.50348,214,13.4702,0,0,4675,300781485347
118.499,8.43888,14.687,0,99,68,63,1890,6801,4.50348,214,13.4702,0,0,4675,300881575572
138.666,7.2116,14.7268,0,99,68,63,1890,6801,4.50348,224,13.4599,0,0,4650,300981612336
147.888,6.76189,14.7268,0,99,68,63,1890,6801,4.50348,224,13.4599,0,0,4650,301081697331
136.632,7.31892,14.7268,0,99,68,63,1890,6801,4.50348,224,13.4599,0,0,4650,301181783405
167.11,5.98408,14.7268,0,99,68,63,1890,6801,4.50348,224,13.4599,0,0,4650,301281825900
140.692,7.10771,14.3651,0,99,68,63,1890,6801,4.50348,225,13.4602,0,0,4775,301381925244
144.55,6.91804,14.3651,0,99,68,63,1890,6801,4.50348,225,13.4602,0,0,4775,301482026769
138.146,7.2387,14.3651,0,99,68,63,1890,6801,4.50348,225,13.4602,0,0,4775,301582106103
203.78,4.90726,14.3651,0,99,68,63,1890,6801,4.50348,225,13.4602,0,0,4775,301682188938
163.401,6.11993,14.3651,0,99,68,63,1890,6801,4.50348,225,13.4602,0,0,4775,301782246742
152.595,6.55329,11.1647,0,99,68,63,1890,6801,4.36285,225,13.4553,0,0,4764,301882357547
208.968,4.78542,11.1647,0,99,68,63,1890,6801,4.36285,225,13.4553,0,0,4764,301982433421
165.851,6.0295,11.1647,0,99,68,63,1890,6801,4.36285,225,13.4553,0,0,4764,302082512826
166.52,6.00527,11.1647,0,99,68,63,1890,6801,4.36285,225,13.4553,0,0,4764,302182588110
164.164,6.09148,11.1647,0,99,68,63,1890,6801,4.36285,225,13.4553,0,0,4764,302282667935
165.466,6.04354,9.6,0,99,68,63,1890,6801,4.36285,225,13.4551,0,0,4812,302382739969
166.52,6.00527,9.6,0,99,68,63,1890,6801,4.36285,225,13.4551,0,0,4812,302482811993
165.929,6.02666,9.6,0,99,68,63,1890,6801,4.36285,225,13.4551,0,0,4812,302582885578
164.012,6.09711,9.6,0,99,68,63,1890,6801,4.36285,225,13.4551,0,0,4812,302682974292
164.012,6.09711,9.6,0,99,68,63,1890,6801,4.36285,225,13.4551,0,0,4812,302783057677
164.012,6.09711,9.6,0,99,68,63,1890,6801,4.36285,225,13.4551,0,0,4812,302883148211
164.012,6.09711,9.6,0,99,68,63,1890,6801,4.36285,225,13.4551,0,0,4812,302983236676
164.012,6.09711,9.6,0,99,68,63,1890,6801,4.36285,225,13.4551,0,0,4812,303083328190
164.012,6.09711,9.6,0,99,68,63,1890,6801,4.36285,225,13.4551,0,0,4812,303183413535
164.012,6.09711,9.6,0,99,68,63,1890,6801,4.36285,225,13.4551,0,0,4812,303283486329
164.012,6.09711,9.6,0,99,68,63,1890,6801,4.36285,225,13.4551,0,0,4812,303383569824
164.012,6.09711,9.6,0,99,68,63,1890,6801,4.36285,225,13.4551,0,0,4812,303483660668
164.012,6.09711,9.6,0,99,68,63,1890,6801,4.36285,225,13.4551,0,0,4812,303583756653
0.998165,1001.84,6.08838,0,8,66,53,1890,6801,3.93199,77,13.4491,0,0,4853,303683836947
0.998165,1001.84,6.08838,0,8,66,53,1890,6801,3.93199,77,13.4491,0,0,4853,303783930002
0.998165,1001.84,6.08838,0,8,66,53,1890,6801,3.93199,77,13.4491,0,0,4853,303884016236
162.724,6.14536,6.08838,0,8,66,53,1890,6801,3.93199,77,13.4491,0,0,4853,303984089211
163.539,6.11474,6.08838,0,8,66,53,1890,6801,3.93199,77,13.4491,0,0,4853,304084165855
165.1,6.05694,8.4898,0,6,66,52,1794,6801,3.93894,67,13.455,0,0,4696,304184249630
167.338,5.97593,8.4898,0,6,66,52,1794,6801,3.93894,67,13.455,0,0,4696,304284330014
161.402,6.1957,8.4898,0,6,66,52,1794,6801,3.93894,67,13.455,0,0,4696,304384411319
163.815,6.10443,8.4898,0,6,66,52,1794,6801,3.93894,67,13.455,0,0,4696,304484493373
164.397,6.08284,8.4898,0,6,66,52,1794,6801,3.93894,67,13.455,0,0,4696,304584577908
165.627,6.03765,8.4898,0,6,66,52,1794,6801,3.93894,67,13.455,0,0,4696,304684657332
162.729,6.14519,8.68866,0,2,65,52,1770,6801,3.93854,58,13.4521,0,0,4818,304784739747
162.729,6.14519,8.68866,0,2,65,52,1770,6801,3.93854,58,13.4521,0,0,4818,304884824511
162.729,6.14519,8.68866,0,2,65,52,1770,6801,3.93854,58,13.4521,0,0,4818,304984900006
162.729,6.14519,8.68866,0,2,65,52,1770,6801,3.93854,58,13.4521,0,0,4818,305084974750
162.729,6.14519,8.68866,0,2,65,52,1770,6801,3.93854,58,13.4521,0,0,4818,305185042475
162.729,6.14519,8.68866,0,2,65,52,1770,6801,3.93854,58,13.4521,0,0,4818,305285135949
162.729,6.14519,8.68866,0,2,65,52,1770,6801,3.93854,58,13.4521,0,0,4818,305385229184
162.729,6.14519,8.68866,0,2,65,52,1770,6801,3.93854,58,13.4521,0,0,4818,305485315068
162.729,6.14519,8.68866,0,2,65,52,1770,6801,3.93854,58,13.4521,0,0,4818,305585400563
164.526,6.07807,3.94951,0,7,65,51,1770,6801,3.93815,63,13.4537,0,0,4867,305685472937
161.678,6.18514,3.94951,0,7,65,51,1770,6801,3.93815,63,13.4537,0,0,4867,305785559672
161.494,6.19219,3.94951,0,7,65,51,1770,6801,3.93815,63,13.4537,0,0,4867,305885640366
160.501,6.23051,3.94951,0,7,65,51,1770,6801,3.93815,63,13.4537,0,0,4867,305985723281
165.039,6.05919,3.94951,0,7,65,51,1770,6801,3.93815,63,13.4537,0,0,4867,306085815775
160.59,6.22702,9.74235,0,8,65,51,1770,6801,3.93744,60,13.4699,0,0,4802,306185895810
163.963,6.09895,9.74235,0,8,65,51,1770,6801,3.93744,60,13.4699,0,0,4802,306285968444
163.561,6.11391,9.74235,0,8,65,51,1770,6801,3.93744,60,13.4699,0,0,4802,306386040799
166.297,6.01335,9.74235,0,8,65,51,1770,6801,3.93744,60,13.4699,0,0,4802,306486112273
165.217,6.05266,9.74235,0,8,65,51,1770,6801,3.93744,60,13.4699,0,0,4802,306586190638
165.384,6.04652,9.74235,0,8,65,51,1770,6801,3.93744,60,13.4699,0,0,4802,306686274292
162.971,6.13607,8.34671,0,16,65,51,1770,6801,3.93512,59,13.4677,0,0,4824,306786359277
165.802,6.03129,8.34671,0,16,65,51,1770,6801,3.93512,59,13.4677,0,0,4824,306886440451
166.14,6.01901,8.34671,0,16,65,51,1770,6801,3.93512,59,13.4677,0,0,4824,306986518906
161.09,6.2077,8.34671,0,16,65,51,1770,6801,3.93512,59,13.4677,0,0,4824,307086601830
163.995,6.09775,8.4597,0,16,65,51,1770,6801,3.93512,59,13.4634,0,0,4812,307186687465
169.515,5.89919,8.4597,0,16,65,51,1770,6801,3.93512,59,13.4634,0,0,4812,307286766219
163.811,6.10461,8.4597,0,16,65,51,1770,6801,3.93512,59,13.4634,0,0,4812,307386846024
170.453,5.86671,8.4597,0,16,65,51,1770,6801,3.93512,59,13.4634,0,0,4812,307486927788
160.272,6.23938,8.4597,0,16,65,51,1770,6801,3.93512,59,13.4634,0,0,4812,307587003442
166.171,6.01791,8.49359,0,16,65,51,1770,6801,3.9328,63,13.4637,0,0,4754,307687081457
160.891,6.2154,8.49359,0,16,65,51,1770,6801,3.9328,63,13.4637,0,0,4754,307787162251
165.559,6.04014,8.49359,0,16,65,51,1770,6801,3.9328,63,13.4637,0,0,4754,307887256616
165.176,6.05416,8.49359,0,16,65,51,1770,6801,3.9328,63,13.4637,0,0,4754,307987341750
168.273,5.94272,8.49359,0,16,65,51,1770,6801,3.9328,63,13.4637,0,0,4754,308087425215
165.027,6.05961,7.85256,0,16,65,51,1770,6801,3.93671,66,13.4641,0,0,4775,308187501529
165.461,6.04371,7.85256,0,16,65,51,1770,6801,3.93671,66,13.4641,0,0,4775,308287582864
154.973,6.45275,7.85256,0,16,65,51,1770,6801,3.93671,66,13.4641,0,0,4775,308387660318
154.973,6.45275,7.85256,0,16,65,51,1770,6801,3.93671,66,13.4641,0,0,4775,308487743733
154.973,6.45275,7.85256,0,16,65,51,1770,6801,3.93671,66,13.4641,0,0,4775,308587828367
154.973,6.45275,7.85256,0,16,65,51,1770,6801,3.93671,66,13.4641,0,0,4775,308687909532
154.973,6.45275,7.85256,0,16,65,51,1770,6801,3.93671,66,13.4641,0,0,4775,308787988086
154.973,6.45275,7.85256,0,16,65,51,1770,6801,3.93671,66,13.4641,0,0,4775,308888065161
154.973,6.45275,7.85256,0,16,65,51,1770,6801,3.93671,66,13.4641,0,0,4775,308988138665
154.973,6.45275,7.85256,0,16,65,51,1770,6801,3.93671,66,13.4641,0,0,4775,309088215750
154.973,6.45275,7.85256,0,16,65,51,1770,6801,3.93671,66,13.4641,0,0,4775,309188300244
154.973,6.45275,7.85256,0,16,65,51,1770,6801,3.93671,66,13.4641,0,0,4775,309288378219
0.999294,1000.71,4.46122,0,4,63,50,1770,6801,3.93233,61,13.4734,0,0,4923,309388452513
0.999294,1000.71,4.46122,0,4,63,50,1770,6801,3.93233,61,13.4734,0,0,4923,309488542818
0.999294,1000.71,4.46122,0,4,63,50,1770,6801,3.93233,61,13.4734,0,0,4923,309588616472
0.999294,1000.71,4.46122,0,4,63,50,1770,6801,3.93233,61,13.4734,0,0,4923,309688691567
0.999294,1000.71,4.46122,0,4,63,50,1770,6801,3.93233,61,13.4734,0,0,4923,309788763561
0.999294,1000.71,4.46122,0,4,63,50,1770,6801,3.93233,61,13.4734,0,0,4923,309888835466
0.999294,1000.71,4.46122,0,4,63,50,1770,6801,3.93233,61,13.4734,0,0,4923,309988909710
0.999294,1000.71,4.46122,0,4,63,50,1770,6801,3.93233,61,13.4734,0,0,4923,310089000215
0.999294,1000.71,4.46122,0,4,63,50,1770,6801,3.93233,61,13.4734,0,0,4923,310189080309
0.999294,1000.71,4.46122,0,4,63,50,1770,6801,3.93233,61,13.4734,0,0,4923,310289149994
0.997847,1002.16,1.98183,0,2,63,49,1770,6801,3.94156,55,13.5027,0,0,4821,310389220898
0.997847,1002.16,1.98183,0,2,63,49,1770,6801,3.94156,55,13.5027,0,0,4821,310489294693
0.997847,1002.16,1.98183,0,2,63,49,1770,6801,3.94156,55,13.5027,0,0,4821,310589337317
0.997847,1002.16,1.98183,0,2,63,49,1770,6801,3.94156,55,13.5027,0,0,4821,310689413622
0.997847,1002.16,1.98183,0,2,63,49,1770,6801,3.94156,55,13.5027,0,0,4821,310789514566
0.997847,1002.16,1.98183,0,2,63,49,1770,6801,3.94156,55,13.5027,0,0,4821,310889594181
0.997847,1002.16,1.98183,0,2,63,49,1770,6801,3.94156,55,13.5027,0,0,4821,310989686125
0.997847,1002.16,1.98183,0,2,63,49,1770,6801,3.94156,55,13.5027,0,0,4821,311089762160
0.997847,1002.16,1.98183,0,2,63,49,1770,6801,3.94156,55,13.5027,0,0,4821,311189847864
0.997847,1002.16,1.98183,0,2,63,49,1770,6801,3.94156,55,13.5027,0,0,4821,311289933039
0.997346,1002.66,5.3152,0,2,63,49,1770,6801,3.94041,53,13.4968,0,0,4709,311390019173
0.997346,1002.66,5.3152,0,2,63,49,1770,6801,3.94041,53,13.4968,0,0,4709,311490105448
0.997346,1002.66,5.3152,0,2,63,49,1770,6801,3.94041,53,13.4968,0,0,4709,311590191612
161.341,6.19806,5.3152,0,2,63,49,1770,6801,3.94041,53,13.4968,0,0,4709,311690264127
165.953,6.02581,5.3152,0,2,63,49,1770,6801,3.94041,53,13.4968,0,0,4709,311790352761
164.272,6.08747,6.44372,0,5,63,49,1770,6801,3.93866,53,13.4837,0,0,4797,311890439186
165.376,6.04684,6.44372,0,5,63,49,1770,6801,3.93866,53,13.4837,0,0,4797,311990524540
166.14,6.01901,6.44372,0,5,63,49,1770,6801,3.93866,53,13.4837,0,0,4797,312090608295
164.285,6.08698,6.44372,0,5,63,49,1770,6801,3.93866,53,13.4837,0,0,4797,312190685809
165.461,6.04372,6.44372,0,5,63,49,1770,6801,3.93866,53,13.4837,0,0,4797,312290775174
163.408,6.11966,8.4,0,5,63,49,1770,6801,3.93625,54,13.4825,0,0,4769,312390859588
165.477,6.04313,8.4,0,5,63,49,1770,6801,3.93625,54,13.4825,0,0,4769,312490956493
165.567,6.03986,8.4,0,5,63,49,1770,6801,3.93625,54,13.4825,0,0,4769,312591051337
166.944,5.99005,8.4,0,5,63,49,1770,6801,3.93625,54,13.4825,0,0,4769,312691137211
167.871,5.95694,8.4,0,5,63,49,1770,6801,3.93625,54,13.4825,0,0,4769,312791221186
184.692,5.41442,8.4,0,5,63,49,1770,6801,3.93625,54,13.4825,0,0,4769,312891306010
169.483,5.90029,9.45073,0,14,62,49,1770,6801,3.93708,59,13.4818,0,0,4735,312991390405
161.266,6.20095,9.45073,0,14,62,49,1770,6801,3.93708,59,13.4818,0,0,4735,313091474849
165.409,6.04562,9.45073,0,14,62,49,1770,6801,3.93708,59,13.4818,0,0,4735,313191559254
164.959,6.06212,9.45073,0,14,62,49,1770,6801,3.93708,59,13.4818,0,0,4735,313291643038
164.303,6.08632,10.8943,0,16,62,50,1770,6801,3.94482,64,13.4817,0,0,4843,313391726613
164.191,6.09048,10.8943,0,16,62,50,1770,6801,3.94482,64,13.4817,0,0,4843,313491811587
166.58,6.00312,10.8943,0,16,62,50,1770,6801,3.94482,64,13.4817,0,0,4843,313591886182
165.152,6.05503,10.8943,0,16,62,50,1770,6801,3.94482,64,13.4817,0,0,4843,313691963096
165.261,6.05104,10.8943,0,16,62,50,1770,6801,3.94482,64,13.4817,0,0,4843,313792047231
162.913,6.13826,9.06902,0,16,62,50,1770,6801,3.94423,66,13.4797,0,0,4756,313892129465
166.651,6.00058,9.06902,0,16,62,50,1770,6801,3.94423,66,13.4797,0,0,4756,313992208710
165.501,6.04226,9.06902,0,16,62,50,1770,6801,3.94423,66,13.4797,0,0,4756,314092289794
162.41,6.15724,9.06902,0,16,62,50,1770,6801,3.94423,66,13.4797,0,0,4756,314192362269
164.851,6.0661,9.06902,0,16,62,50,1770,6801,3.94423,66,13.4797,0,0,4756,314292447243
165.87,6.0288,8.59189,0,16,62,50,1770,6801,3.94244,66,13.4802,0,0,4787,314392521748
168.602,5.93113,8.59189,0,16,62,50,1770,6801,3.94244,66,13.4802,0,0,4787,314492603412
166.183,6.01747,8.59189,0,16,62,50,1770,6801,3.94244,66,13.4802,0,0,4787,314592690837
168.871,5.92168,8.59189,0,16,62,50,1770,6801,3.94244,66,13.4802,0,0,4787,314692776131
166.879,5.99236,8.59189,0,16,62,50,1770,6801,3.94244,66,13.4802,0,0,4787,314792859066
164.14,6.09236,8.59189,0,16,62,50,1770,6801,3.94244,66,13.4802,0,0,4787,314892950060
165.506,6.04206,8.93142,0,17,61,50,1770,6801,3.94157,66,13.4791,0,0,4749,314993041985
164.801,6.06791,8.93142,0,17,61,50,1770,6801,3.94157,66,13.4791,0,0,4749,315093121739
160.25,6.24025,8.93142,0,17,61,50,1770,6801,3.94157,66,13.4791,0,0,4749,315193205124
171.816,5.82017,8.93142,0,17,61,50,1770,6801,3.94157,66,13.4791,0,0,4749,315293286808
155.379,6.43586,10.3586,0,16,61,50,1770,6801,3.94025,66,13.4804,0,0,4743,315393359863
167.319,5.9766,10.3586,0,16,61,50,1770,6801,3.94025,66,13.4804,0,0,4743,315493448817
165.391,6.04629,10.3586,0,16,61,50,1770,6801,3.94025,66,13.4804,0,0,4743,315593531282
164.922,6.06347,10.3586,0,16,61,50,1770,6801,3.94025,66,13.4804,0,0,4743,315693612696
164.957,6.06218,10.3586,0,16,61,50,1770,6801,3.94025,66,13.4804,0,0,4743,315793692851
165.792,6.03164,10.3917,0,17,61,50,1770,6801,3.93646,66,13.4411,0,0,4793,315893777805
165.565,6.03993,10.3917,0,17,61,50,1770,6801,3.93646,66,13.4411,0,0,4793,315993864580
165.34,6.04816,10.3917,0,17,61,50,1770,6801,3.93646,66,13.4411,0,0,4793,316093956934
162.604,6.1499,10.3917,0,17,61,50,1770,6801,3.93646,66,13.4411,0,0,4793,316194044319
164.52,6.07829,10.3917,0,17,61,50,1770,6801,3.93646,66,13.4411,0,0,4793,316294143183
166.343,6.01167,8.05423,0,17,61,50,1770,6801,3.93475,66,13.441,0,0,4798,316394224088
166.89,5.99197,8.05423,0,17,61,50,1770,6801,3.93475,66,13.441,0,0,4798,316494308792
166.303,6.01314,8.05423,0,17,61,50,1770,6801,3.93475,66,13.441,0,0,4798,316594387827
164.984,6.06118,8.05423,0,17,61,50,1770,6801,3.93475,66,13.441,0,0,4798,316694491521
164.562,6.07673,8.05423,0,17,61,50,1770,6801,3.93475,66,13.441,0,0,4798,316794570676
164.924,6.06339,8.05423,0,17,61,50,1770,6801,3.93475,66,13.441,0,0,4798,316894659770
167.661,5.96442,8.2864,0,16,62,50,1770,6801,3.9342,66,13.4418,0,0,4750,316994745725
162.712,6.14583,8.2864,0,16,62,50,1770,6801,3.9342,66,13.4418,0,0,4750,317094828539
164.993,6.06086,8.2864,0,16,62,50,1770,6801,3.9342,66,13.4418,0,0,4750,317194911264
163.658,6.11031,8.2864,0,16,62,50,1770,6801,3.9342,66,13.4418,0,0,4750,317294993338
156.809,6.37717,8.64692,0,16,62,50,1770,6801,3.9342,66,13.4437,0,0,4844,317395079563
166.085,6.02103,8.64692,0,16,62,50,1770,6801,3.9342,66,13.4437,0,0,4844,317495168217
164.926,6.06333,8.64692,0,16,62,50,1770,6801,3.9342,66,13.4437,0,0,4844,317595253641
162.998,6.13503,8.64692,0,16,62,50,1770,6801,3.9342,66,13.4437,0,0,4844,317695334996
165.135,6.05565,8.64692,0,16,62,50,1770,6801,3.9342,66,13.4437,0,0,4844,317795417780
165.233,6.05206,8.5327,0,16,62,50,1770,6801,3.9342,66,13.443,0,0,4775,317895501355
164.99,6.06096,8.5327,0,16,62,50,1770,6801,3.9342,66,13.443,0,0,4775,317995581809
165.531,6.04118,8.5327,0,16,62,50,1770,6801,3.9342,66,13.443,0,0,4775,318095661754
165.626,6.03769,8.5327,0,16,62,50,1770,6801,3.9342,66,13.443,0,0,4775,318195743548
163.317,6.12308,8.5327,0,16,62,50,1770,6801,3.9342,66,13.443,0,0,4775,318295826943
160.691,6.22311,7.79743,0,16,62,49,1770,6801,3.9342,66,13.4431,0,0,4604,318395905447
157.107,6.36507,7.79743,0,16,62,49,1770,6801,3.9342,66,13.4431,0,0,4604,318495983422
161.911,6.17624,7.79743,0,16,62,49,1770,6801,3.9342,66,13.4431,0,0,4604,318596066026
168.408,5.93797,7.79743,0,16,62,49,1770,6801,3.9342,66,13.4431,0,0,4604,318696148141
168.408,5.93797,7.79743,0,16,62,49,1770,6801,3.9342,66,13.4431,0,0,4604,318796229275
168.408,5.93797,7.79743,0,16,62,49,1770,6801,3.9342,66,13.4431,0,0,4604,318896309190
168.408,5.93797,7.79743,0,16,62,49,1770,6801,3.9342,66,13.4431,0,0,4604,318996398334
168.408,5.93797,7.79743,0,16,62,49,1770,6801,3.9342,66,13.4431,0,0,4604,319096486949
168.408,5.93797,7.79743,0,16,62,49,1770,6801,3.9342,66,13.4431,0,0,4604,319196561933
168.408,5.93797,7.79743,0,16,62,49,1770,6801,3.9342,66,13.4431,0,0,4604,319296637318
168.408,5.93797,7.79743,0,16,62,49,1770,6801,3.9342,66,13.4431,0,0,4604,319396719612
168.408,5.93797,7.79743,0,16,62,49,1770,6801,3.9342,66,13.4431,0,0,4604,319496797327
168.408,5.93797,7.79743,0,16,62,49,1770,6801,3.9342,66,13.4431,0,0,4604,319596871461
